id,dti,mort_acc,il_util,total_il_high_credit_limit,bc_util,all_util,tot_coll_amt,revol_util,total_rev_hi_lim,open_act_il,bc_open_to_buy,num_actv_rev_tl,num_bc_sats,delinq_amnt,open_acc,tot_cur_bal,num_actv_bc_tl,total_bc_limit,acc_now_delinq
0,12.03,0.0,,12000.0,4.7,,0.0,29.0,184500.0,,9525.0,4.0,1.0,0.0,6.0,149140.0,1.0,10000.0,0.0
1,14.92,1.0,,11325.0,41.5,,0.0,31.6,19400.0,,7599.0,9.0,7.0,0.0,17.0,162110.0,6.0,13000.0,0.0
2,18.49,0.0,,35573.0,97.8,,0.0,76.2,21500.0,,324.0,4.0,3.0,0.0,10.0,42315.0,3.0,15000.0,0.0
3,8.31,5.0,,18000.0,103.2,,0.0,100.9,5700.0,,0.0,5.0,3.0,0.0,8.0,261815.0,3.0,4400.0,0.0
4,34.81,0.0,,64031.0,93.2,,0.0,91.9,18300.0,,332.0,4.0,1.0,0.0,11.0,64426.0,1.0,4900.0,0.0
5,25.81,0.0,,24890.0,69.2,,0.0,59.4,27600.0,,6494.0,7.0,5.0,0.0,12.0,38566.0,4.0,21100.0,0.0
6,13.77,5.0,,47946.0,86.4,,0.0,94.3,24300.0,,1333.0,4.0,3.0,0.0,9.0,397223.0,3.0,9800.0,0.0
7,11.63,2.0,,33000.0,72.2,,0.0,60.4,12000.0,,2559.0,3.0,3.0,0.0,7.0,373743.0,2.0,9200.0,0.0
8,27.03,6.0,,78126.0,89.0,,0.0,82.2,39400.0,,3977.0,5.0,7.0,0.0,14.0,393558.0,3.0,36000.0,0.0
9,14.36,0.0,,6000.0,26.8,,0.0,20.2,22000.0,,12152.0,2.0,3.0,0.0,8.0,10133.0,2.0,16600.0,0.0
10,8.44,0.0,,0.0,98.5,,0.0,98.0,24200.0,,324.0,5.0,4.0,0.0,5.0,23723.0,4.0,21200.0,0.0
11,22.42,0.0,,27243.0,52.7,,900.0,33.1,15700.0,,2604.0,8.0,3.0,0.0,11.0,17281.0,3.0,5500.0,0.0
12,23.63,2.0,,41370.0,98.2,,0.0,46.4,10900.0,,71.0,3.0,1.0,0.0,7.0,122193.0,1.0,4000.0,0.0
13,29.5,1.0,,55441.0,91.0,,0.0,88.6,18000.0,,1468.0,4.0,3.0,0.0,14.0,262274.0,3.0,16300.0,0.0
14,6.87,5.0,,0.0,95.4,,0.0,82.6,60100.0,,1092.0,8.0,4.0,0.0,11.0,361379.0,4.0,23600.0,0.0
15,22.14,0.0,,12000.0,72.2,,0.0,62.4,15300.0,,3636.0,6.0,6.0,0.0,10.0,20539.0,5.0,13100.0,0.0
16,9.54,0.0,,18854.0,85.8,,0.0,42.6,11600.0,,552.0,3.0,2.0,0.0,7.0,22809.0,2.0,3900.0,0.0
17,16.19,0.0,,20637.0,90.2,,0.0,20.1,22500.0,,390.0,2.0,1.0,0.0,9.0,19342.0,1.0,4000.0,0.0
18,5.98,0.0,,3900.0,65.4,,0.0,74.2,3000.0,,346.0,2.0,1.0,0.0,3.0,3943.0,1.0,1000.0,0.0
19,16.23,0.0,,22013.0,98.6,,0.0,51.9,4800.0,,29.0,4.0,1.0,0.0,8.0,18480.0,1.0,2100.0,0.0
20,18.79,1.0,,67220.0,22.0,,3948.0,18.8,27200.0,,15435.0,2.0,5.0,0.0,11.0,157993.0,1.0,19800.0,0.0
21,35.68,0.0,,42304.0,66.1,,0.0,50.7,45600.0,,9800.0,8.0,6.0,0.0,13.0,49685.0,6.0,28900.0,0.0
22,18.38,1.0,,154033.0,98.0,,0.0,55.0,17400.0,,112.0,5.0,1.0,0.0,17.0,296389.0,1.0,5500.0,0.0
23,14.99,0.0,,0.0,92.5,,0.0,67.4,10300.0,,452.0,6.0,6.0,0.0,11.0,6941.0,5.0,6000.0,0.0
24,9.11,3.0,,0.0,52.3,,0.0,52.3,31800.0,,15156.0,4.0,4.0,0.0,6.0,111500.0,4.0,31800.0,0.0
25,5.46,1.0,,0.0,1.8,,944.0,1.9,39600.0,,31122.0,4.0,10.0,0.0,14.0,744.0,3.0,31700.0,0.0
26,18.89,3.0,,47457.0,89.2,,0.0,77.4,13200.0,,1049.0,6.0,4.0,0.0,19.0,125993.0,4.0,9700.0,0.0
27,23.37,2.0,,119491.0,93.0,,0.0,87.0,6800.0,,1267.0,6.0,3.0,0.0,11.0,237795.0,3.0,3800.0,0.0
28,16.13,2.0,,28532.0,46.3,,0.0,35.2,41700.0,,17016.0,4.0,8.0,0.0,15.0,239362.0,4.0,31700.0,0.0
29,33.99,0.0,,48555.0,93.0,,0.0,65.5,8700.0,,321.0,5.0,3.0,0.0,12.0,36589.0,3.0,4600.0,0.0
30,17.53,1.0,,14857.0,25.5,,0.0,57.5,21700.0,,7602.0,5.0,3.0,0.0,8.0,118238.0,3.0,10200.0,0.0
31,14.35,4.0,,112735.0,,,841.0,8.8,5300.0,,,2.0,0.0,0.0,9.0,103332.0,0.0,0.0,0.0
32,11.51,2.0,,14507.0,55.5,,0.0,30.9,37400.0,,7209.0,4.0,2.0,0.0,10.0,91133.0,2.0,16200.0,0.0
33,17.71,2.0,,58501.0,69.9,,0.0,81.5,1300.0,,241.0,3.0,2.0,0.0,6.0,51161.0,2.0,800.0,0.0
34,19.73,1.0,,47305.0,,,0.0,69.5,6600.0,,,2.0,0.0,0.0,10.0,80333.0,0.0,0.0,0.0
35,15.02,0.0,,3535.0,37.1,,0.0,37.1,29800.0,,14906.0,5.0,5.0,0.0,9.0,14539.0,3.0,23700.0,0.0
36,19.21,2.0,,49956.0,94.3,,0.0,94.3,6500.0,,369.0,1.0,1.0,0.0,5.0,428849.0,1.0,6500.0,0.0
37,11.91,1.0,,28301.0,99.2,,0.0,99.2,10800.0,,91.0,3.0,3.0,0.0,6.0,355328.0,3.0,10800.0,0.0
38,15.36,4.0,,10919.0,45.5,,0.0,35.0,65400.0,,27119.0,6.0,4.0,0.0,10.0,221998.0,3.0,49800.0,0.0
39,14.67,5.0,,219511.0,66.4,,0.0,66.4,16800.0,,5644.0,9.0,11.0,0.0,25.0,420006.0,9.0,16800.0,0.0
40,34.1,2.0,,80336.0,51.0,,0.0,51.9,18700.0,,8471.0,2.0,2.0,0.0,11.0,253854.0,1.0,17300.0,1.0
41,15.55,0.0,,21940.0,18.3,,259.0,15.0,19500.0,,12984.0,2.0,3.0,0.0,7.0,18002.0,2.0,15900.0,0.0
42,26.06,0.0,,20128.0,27.4,,0.0,26.3,21000.0,,13074.0,3.0,4.0,0.0,7.0,15894.0,2.0,18000.0,0.0
43,11.05,3.0,,0.0,52.8,,0.0,48.1,7500.0,,2169.0,5.0,3.0,0.0,7.0,3605.0,3.0,4600.0,0.0
44,15.93,0.0,,24918.0,94.8,,0.0,94.8,4200.0,,219.0,2.0,2.0,0.0,4.0,23372.0,2.0,4200.0,0.0
45,12.83,3.0,,23374.0,76.1,,0.0,37.9,38900.0,,4156.0,6.0,5.0,0.0,15.0,209346.0,3.0,17400.0,0.0
46,11.97,3.0,,28856.0,79.2,,0.0,79.2,15000.0,,3127.0,1.0,1.0,0.0,5.0,128450.0,1.0,15000.0,0.0
47,22.33,6.0,,63467.0,68.3,,0.0,43.9,74700.0,,12118.0,8.0,8.0,0.0,24.0,256696.0,5.0,38200.0,0.0
48,24.36,0.0,,81301.0,93.6,,0.0,89.4,11200.0,,683.0,2.0,2.0,0.0,7.0,81956.0,2.0,10700.0,0.0
49,21.73,1.0,,76085.0,58.1,,0.0,59.8,82800.0,,31116.0,5.0,3.0,0.0,8.0,101094.0,3.0,74300.0,0.0
50,20.21,1.0,,46173.0,92.7,,0.0,92.9,13000.0,,914.0,4.0,3.0,0.0,7.0,46563.0,3.0,12500.0,0.0
51,25.96,0.0,,324790.0,96.1,,0.0,94.2,15300.0,,589.0,4.0,5.0,0.0,9.0,312679.0,4.0,15000.0,0.0
52,21.3,1.0,,47162.0,49.1,,0.0,33.1,15900.0,,1222.0,6.0,2.0,0.0,12.0,59352.0,1.0,2400.0,0.0
53,13.47,0.0,,5725.0,48.4,,0.0,39.9,26500.0,,8970.0,7.0,9.0,0.0,20.0,15659.0,4.0,17400.0,0.0
54,24.45,0.0,,18972.0,73.1,,351.0,46.1,16200.0,,1074.0,5.0,3.0,0.0,8.0,18342.0,2.0,4000.0,0.0
55,8.54,0.0,,53750.0,91.3,,0.0,82.5,12600.0,,741.0,3.0,2.0,0.0,18.0,69669.0,2.0,8500.0,0.0
56,29.55,3.0,,14861.0,58.4,,0.0,51.3,85000.0,,22878.0,11.0,6.0,0.0,14.0,97410.0,6.0,55000.0,0.0
57,26.2,2.0,,17712.0,61.0,,0.0,61.6,71500.0,,18202.0,11.0,6.0,0.0,22.0,58232.0,4.0,46700.0,0.0
58,28.78,0.0,,40742.0,48.6,,0.0,41.1,33700.0,,11458.0,5.0,4.0,0.0,12.0,47115.0,2.0,22300.0,0.0
59,24.7,2.0,,129708.0,90.6,,0.0,90.6,10000.0,,802.0,1.0,1.0,0.0,5.0,296631.0,1.0,8500.0,0.0
60,20.79,4.0,,63135.0,32.0,,0.0,33.0,6450.0,,5400.0,2.0,9.0,0.0,4.0,50550.0,1.0,5400.0,0.0
61,28.77,0.0,,12439.0,90.1,,5098.0,45.0,27800.0,,890.0,7.0,2.0,0.0,18.0,24481.0,2.0,9000.0,0.0
62,9.21,6.0,,0.0,79.0,,400.0,70.7,40200.0,,6489.0,8.0,5.0,0.0,10.0,217506.0,5.0,30900.0,0.0
63,38.86,0.0,,61315.0,95.4,,0.0,94.2,10400.0,,403.0,4.0,3.0,0.0,17.0,53901.0,3.0,8800.0,0.0
64,33.66,4.0,,20168.0,81.4,,0.0,61.5,86100.0,,11767.0,14.0,10.0,0.0,22.0,311262.0,8.0,45800.0,0.0
65,19.33,3.0,,136117.0,92.8,,0.0,88.0,31400.0,,1906.0,8.0,7.0,0.0,14.0,255284.0,6.0,26400.0,0.0
66,29.38,5.0,,61464.0,87.7,,0.0,75.9,41300.0,,4190.0,6.0,5.0,0.0,12.0,625455.0,4.0,34000.0,0.0
67,23.78,0.0,,56526.0,91.1,,0.0,68.8,12000.0,,2768.0,5.0,3.0,0.0,8.0,59675.0,3.0,7000.0,0.0
68,11.03,0.0,,81905.0,54.3,,0.0,50.7,23800.0,,10144.0,2.0,4.0,0.0,17.0,94814.0,2.0,22200.0,0.0
69,12.99,3.0,,15050.0,19.9,,0.0,19.9,42900.0,,34351.0,4.0,5.0,0.0,8.0,62365.0,4.0,42900.0,0.0
70,25.65,3.0,,126554.0,60.2,,670.0,60.2,6200.0,,2465.0,5.0,5.0,0.0,11.0,399159.0,5.0,6200.0,0.0
71,31.14,0.0,,53865.0,18.0,,0.0,13.4,66500.0,,40256.0,6.0,8.0,0.0,17.0,59623.0,4.0,49100.0,0.0
72,33.21,0.0,,62765.0,55.8,,0.0,46.0,41400.0,,13248.0,4.0,2.0,0.0,10.0,66967.0,2.0,30000.0,0.0
73,15.1,0.0,,34516.0,76.7,,0.0,65.5,11900.0,,2353.0,5.0,5.0,0.0,12.0,37313.0,4.0,10100.0,0.0
74,29.33,0.0,,17020.0,52.8,,6449.0,56.5,13400.0,,3255.0,7.0,3.0,0.0,13.0,25659.0,3.0,6900.0,0.0
75,33.62,0.0,,73953.0,68.4,,0.0,53.0,40400.0,,6422.0,10.0,10.0,0.0,27.0,86634.0,7.0,20300.0,0.0
76,23.45,0.0,,78541.0,23.8,,0.0,28.2,20300.0,,8986.0,5.0,3.0,0.0,8.0,77421.0,3.0,11800.0,0.0
77,13.86,3.0,,0.0,45.4,,0.0,42.0,46800.0,,17630.0,8.0,5.0,0.0,10.0,19657.0,4.0,32300.0,0.0
78,15.23,1.0,,72576.0,44.3,,0.0,38.1,80200.0,,37915.0,4.0,5.0,0.0,10.0,70136.0,3.0,68100.0,0.0
79,5.68,6.0,,0.0,40.4,,0.0,39.2,71400.0,,12402.0,4.0,4.0,0.0,8.0,174363.0,3.0,20800.0,0.0
80,24.69,8.0,,61692.0,96.5,,0.0,85.0,112400.0,,145.0,9.0,4.0,0.0,15.0,629294.0,4.0,7500.0,0.0
81,17.77,0.0,,10000.0,96.4,,0.0,96.4,13100.0,,474.0,4.0,4.0,0.0,5.0,19831.0,4.0,13100.0,0.0
82,33.2,0.0,,45392.0,30.0,,0.0,38.1,16800.0,,10013.0,5.0,6.0,0.0,11.0,46240.0,4.0,14300.0,0.0
83,23.58,2.0,,42141.0,51.0,,0.0,44.1,6500.0,,1373.0,4.0,3.0,0.0,8.0,89387.0,2.0,2800.0,0.0
84,10.94,0.0,,12500.0,92.9,,0.0,65.6,31800.0,,1240.0,4.0,4.0,0.0,10.0,31564.0,4.0,24500.0,0.0
85,18.03,4.0,,421213.0,71.7,,0.0,63.0,83000.0,,13935.0,9.0,4.0,0.0,21.0,1175115.0,4.0,49200.0,0.0
86,28.17,6.0,,52237.0,66.3,,215.0,46.9,47000.0,,9719.0,10.0,7.0,0.0,14.0,226184.0,7.0,28800.0,0.0
87,15.94,0.0,,0.0,54.4,,0.0,37.9,21800.0,,5061.0,4.0,2.0,0.0,8.0,8270.0,2.0,11100.0,0.0
88,16.27,0.0,,0.0,94.2,,0.0,94.2,9700.0,,564.0,4.0,4.0,0.0,6.0,10090.0,4.0,9700.0,0.0
89,20.72,1.0,,34600.0,1.4,,0.0,49.7,9500.0,,4437.0,2.0,2.0,0.0,7.0,168779.0,1.0,4500.0,0.0
90,14.02,4.0,,19744.0,95.2,,0.0,78.1,28100.0,,564.0,5.0,4.0,0.0,8.0,200512.0,4.0,11700.0,0.0
91,19.69,0.0,,46727.0,9.7,,0.0,8.7,34800.0,,28189.0,2.0,7.0,0.0,14.0,22027.0,2.0,31200.0,0.0
92,7.42,0.0,,60648.0,0.8,,0.0,0.5,14500.0,,8827.0,1.0,4.0,0.0,8.0,60388.0,1.0,8900.0,0.0
93,24.9,4.0,,48119.0,33.1,,375.0,26.3,29600.0,,15712.0,6.0,6.0,0.0,15.0,56071.0,5.0,23500.0,0.0
94,22.42,5.0,,34573.0,48.7,,0.0,35.4,18200.0,,3895.0,8.0,3.0,0.0,11.0,81180.0,3.0,7600.0,0.0
95,8.05,0.0,,16276.0,51.6,,0.0,47.4,14800.0,,6586.0,4.0,4.0,0.0,7.0,11528.0,4.0,13600.0,0.0
96,35.64,0.0,,25622.0,65.0,,110.0,47.3,24000.0,,5290.0,7.0,5.0,0.0,11.0,26790.0,5.0,15100.0,0.0
97,21.64,4.0,,52943.0,100.1,,0.0,100.1,46600.0,,0.0,7.0,7.0,0.0,10.0,370654.0,7.0,46600.0,0.0
98,25.61,2.0,,70035.0,76.7,,0.0,75.0,93700.0,,21286.0,7.0,7.0,0.0,13.0,341907.0,6.0,91400.0,0.0
99,21.2,3.0,,21388.0,88.2,,0.0,53.6,6500.0,,294.0,3.0,2.0,0.0,7.0,125012.0,2.0,2500.0,0.0
100,28.06,0.0,,38352.0,89.8,,0.0,54.4,5600.0,,184.0,2.0,1.0,0.0,9.0,37145.0,1.0,1800.0,0.0
101,20.39,1.0,,56569.0,98.1,,0.0,52.5,11900.0,,100.0,4.0,2.0,0.0,10.0,93645.0,2.0,5300.0,0.0
102,15.78,1.0,,81176.0,30.2,,0.0,47.9,88200.0,,39911.0,3.0,5.0,0.0,12.0,120895.0,2.0,57200.0,0.0
103,2.76,4.0,,0.0,30.3,,0.0,26.7,29500.0,,15411.0,6.0,4.0,0.0,9.0,7562.0,4.0,22100.0,0.0
104,22.07,6.0,,28192.0,66.5,,0.0,59.9,67800.0,,11682.0,9.0,5.0,0.0,15.0,456332.0,4.0,34900.0,1.0
105,28.81,2.0,,34354.0,83.6,,0.0,90.8,33300.0,,888.0,4.0,1.0,0.0,12.0,218152.0,1.0,5400.0,0.0
106,22.32,3.0,,101177.0,59.5,,0.0,53.8,20000.0,,6596.0,6.0,4.0,0.0,17.0,318905.0,4.0,16300.0,0.0
107,21.12,2.0,,48082.0,43.1,,0.0,33.7,76500.0,,30112.0,17.0,13.0,0.0,31.0,184802.0,10.0,52900.0,0.0
108,16.29,4.0,,47249.0,24.1,,1218.0,39.5,13000.0,,3187.0,8.0,5.0,0.0,17.0,131636.0,5.0,4200.0,0.0
109,14.13,3.0,,31361.0,89.4,,0.0,81.3,30900.0,,2737.0,5.0,4.0,0.0,10.0,443857.0,3.0,25700.0,0.0
110,34.5,6.0,,60816.0,93.0,,0.0,87.7,18300.0,,672.0,4.0,4.0,0.0,13.0,193159.0,2.0,9600.0,0.0
111,15.45,0.0,,20436.0,78.4,,0.0,56.1,13300.0,,2007.0,5.0,4.0,0.0,12.0,23411.0,4.0,9300.0,0.0
112,26.75,0.0,,20759.0,53.6,,0.0,43.3,17200.0,,6451.0,2.0,4.0,0.0,8.0,23018.0,2.0,13900.0,0.0
113,7.47,1.0,,15240.0,96.7,,0.0,58.0,5000.0,,100.0,2.0,2.0,0.0,5.0,166080.0,2.0,3000.0,0.0
114,28.31,1.0,,61859.0,89.7,,0.0,89.8,25900.0,,1243.0,3.0,3.0,0.0,10.0,253384.0,2.0,12100.0,0.0
115,32.67,10.0,,84377.0,80.8,,0.0,51.8,25900.0,,2021.0,7.0,4.0,0.0,32.0,235082.0,4.0,10500.0,0.0
116,24.4,0.0,,58852.0,98.2,,79.0,26.4,23600.0,,64.0,6.0,3.0,0.0,13.0,54923.0,2.0,3500.0,0.0
117,20.07,1.0,,5000.0,14.4,,0.0,14.8,10100.0,,4794.0,5.0,4.0,0.0,9.0,5805.0,3.0,5600.0,0.0
118,11.39,0.0,,18049.0,42.4,,237.0,22.1,15500.0,,3401.0,5.0,4.0,0.0,10.0,18590.0,4.0,5900.0,0.0
119,29.47,3.0,,63758.0,80.8,,0.0,79.5,68800.0,,6672.0,9.0,5.0,0.0,17.0,503157.0,5.0,34800.0,0.0
120,14.07,1.0,,52750.0,10.3,,0.0,5.2,23000.0,,10497.0,2.0,4.0,0.0,13.0,230664.0,2.0,11700.0,0.0
121,19.94,0.0,,0.0,59.0,,0.0,64.9,15500.0,,5330.0,5.0,4.0,0.0,5.0,10064.0,4.0,13000.0,0.0
122,18.21,2.0,,128319.0,20.4,,0.0,20.7,112100.0,,77254.0,8.0,14.0,0.0,28.0,296020.0,7.0,97000.0,0.0
123,18.54,1.0,,36578.0,102.6,,0.0,99.6,5800.0,,0.0,2.0,1.0,0.0,8.0,53683.0,1.0,3300.0,0.0
124,15.97,0.0,,40930.0,57.2,,0.0,57.2,13000.0,,5559.0,2.0,3.0,0.0,7.0,24069.0,2.0,13000.0,0.0
125,27.29,0.0,,80275.0,84.2,,0.0,93.7,26700.0,,3489.0,5.0,5.0,0.0,14.0,97659.0,3.0,22100.0,0.0
126,20.48,0.0,,46700.0,39.6,,0.0,29.2,23200.0,,9607.0,4.0,4.0,0.0,9.0,45468.0,3.0,15900.0,0.0
127,14.79,8.0,,0.0,68.6,,0.0,73.6,50900.0,,10334.0,4.0,3.0,0.0,7.0,676868.0,3.0,32900.0,0.0
128,11.81,4.0,,0.0,83.1,,83.0,71.9,36900.0,,2879.0,11.0,6.0,0.0,14.0,198010.0,6.0,17000.0,0.0
129,15.62,0.0,,69780.0,93.3,,0.0,77.1,7300.0,,127.0,5.0,2.0,0.0,22.0,75200.0,2.0,1900.0,0.0
130,21.96,0.0,,134082.0,11.0,,510.0,12.5,32100.0,,25455.0,11.0,10.0,0.0,27.0,138894.0,7.0,28600.0,0.0
131,5.55,8.0,,11652.0,23.3,,0.0,13.5,100300.0,,26323.0,3.0,2.0,0.0,6.0,632474.0,2.0,34300.0,0.0
132,25.12,3.0,,132558.0,,,0.0,20.3,7900.0,,,2.0,0.0,0.0,10.0,132443.0,0.0,0.0,0.0
133,10.61,0.0,,58381.0,,,0.0,100.0,1000.0,,,1.0,0.0,0.0,16.0,60646.0,0.0,0.0,0.0
134,23.0,0.0,,28304.0,39.8,,0.0,40.4,46800.0,,25585.0,10.0,6.0,0.0,15.0,44514.0,6.0,42500.0,0.0
135,6.94,6.0,,0.0,94.9,,0.0,66.9,30000.0,,1029.0,3.0,2.0,0.0,4.0,203275.0,2.0,20200.0,0.0
136,10.54,1.0,,17165.0,47.6,,0.0,56.8,47200.0,,16289.0,9.0,11.0,0.0,17.0,297039.0,7.0,31100.0,0.0
137,13.43,4.0,,12221.0,99.2,,0.0,98.4,48400.0,,337.0,9.0,7.0,0.0,12.0,597253.0,6.0,40600.0,0.0
138,25.25,0.0,,71017.0,64.9,,103.0,64.9,6400.0,,2248.0,5.0,5.0,0.0,7.0,61789.0,5.0,6400.0,0.0
139,27.34,3.0,,51822.0,101.7,,0.0,82.6,24500.0,,0.0,3.0,1.0,0.0,9.0,46804.0,1.0,7500.0,0.0
140,33.57,1.0,,70017.0,84.6,,0.0,80.0,21000.0,,2065.0,10.0,8.0,0.0,15.0,202128.0,7.0,13400.0,0.0
141,16.47,0.0,,22912.0,79.8,,0.0,74.1,9700.0,,1814.0,5.0,5.0,0.0,9.0,21850.0,5.0,9000.0,0.0
142,12.02,1.0,,15759.0,98.9,,0.0,84.4,3400.0,,32.0,1.0,1.0,0.0,4.0,93933.0,1.0,2900.0,0.0
143,10.0,2.0,,0.0,41.6,,652.0,32.1,22600.0,,8299.0,8.0,5.0,0.0,9.0,62585.0,5.0,14200.0,0.0
144,20.44,0.0,,51742.0,82.7,,0.0,77.8,5500.0,,829.0,5.0,3.0,0.0,14.0,47072.0,3.0,4800.0,0.0
145,16.56,0.0,,15350.0,68.8,,0.0,51.0,21000.0,,4771.0,7.0,8.0,0.0,13.0,22669.0,6.0,15300.0,0.0
146,17.82,1.0,,46623.0,60.4,,0.0,56.5,10900.0,,3370.0,5.0,4.0,0.0,9.0,44758.0,4.0,8500.0,0.0
147,32.09,0.0,,80032.0,97.2,,0.0,79.6,30400.0,,468.0,9.0,5.0,0.0,14.0,99584.0,5.0,17000.0,0.0
148,32.68,2.0,,77397.0,23.9,,0.0,35.1,51200.0,,14683.0,10.0,10.0,0.0,27.0,85673.0,4.0,19300.0,0.0
149,23.13,4.0,,52012.0,68.8,,0.0,60.2,109900.0,,21635.0,15.0,9.0,0.0,22.0,299830.0,9.0,69400.0,0.0
150,7.21,2.0,,0.0,98.9,,0.0,87.0,120900.0,,181.0,5.0,3.0,0.0,5.0,69609.0,3.0,17000.0,0.0
151,26.58,0.0,,42811.0,78.6,,0.0,53.1,13900.0,,2015.0,1.0,2.0,0.0,11.0,37984.0,1.0,9400.0,0.0
152,9.58,3.0,,44898.0,69.4,,0.0,46.3,9900.0,,2019.0,2.0,4.0,0.0,10.0,225253.0,2.0,6600.0,0.0
153,13.66,0.0,,24645.0,101.6,,0.0,80.8,13000.0,,0.0,2.0,2.0,0.0,6.0,32358.0,1.0,5000.0,0.0
154,7.04,0.0,,16806.0,44.9,,0.0,41.5,16000.0,,8156.0,5.0,5.0,0.0,7.0,22960.0,5.0,14800.0,0.0
155,22.39,0.0,,78778.0,90.7,,0.0,79.7,7400.0,,603.0,3.0,3.0,0.0,6.0,72001.0,3.0,6500.0,0.0
156,15.28,0.0,,10000.0,44.0,,0.0,41.3,11000.0,,4760.0,2.0,2.0,0.0,6.0,13182.0,1.0,8500.0,0.0
157,14.29,4.0,,44552.0,13.6,,0.0,18.2,43295.0,,29468.0,3.0,6.0,0.0,11.0,194677.0,2.0,34100.0,0.0
158,27.23,0.0,,26111.0,50.7,,0.0,54.5,19300.0,,8188.0,7.0,6.0,0.0,12.0,28057.0,4.0,16600.0,0.0
159,26.81,2.0,,35820.0,75.1,,0.0,73.9,15000.0,,3217.0,6.0,3.0,0.0,14.0,40195.0,3.0,12900.0,0.0
160,10.42,0.0,,14777.0,89.1,,0.0,77.6,20200.0,,1520.0,8.0,6.0,0.0,11.0,22876.0,6.0,14000.0,0.0
161,29.07,0.0,,40683.0,83.2,,0.0,70.9,13900.0,,859.0,4.0,2.0,0.0,9.0,34340.0,2.0,5100.0,0.0
162,9.26,1.0,,0.0,97.2,,0.0,97.2,32000.0,,881.0,2.0,2.0,0.0,5.0,567057.0,2.0,32000.0,0.0
163,14.39,1.0,,43321.0,79.2,,0.0,41.9,26400.0,,2164.0,4.0,2.0,0.0,10.0,222058.0,1.0,10400.0,0.0
164,14.4,0.0,,40030.0,23.8,,170.0,23.0,29300.0,,21556.0,2.0,4.0,0.0,10.0,45162.0,2.0,28300.0,0.0
165,11.89,6.0,,127738.0,82.2,,25.0,72.3,12100.0,,1351.0,3.0,2.0,0.0,10.0,546187.0,2.0,7600.0,0.0
166,24.22,0.0,,8712.0,33.6,,0.0,47.4,23300.0,,10288.0,4.0,3.0,0.0,6.0,19394.0,3.0,15500.0,0.0
167,15.05,1.0,,9625.0,96.3,,0.0,79.4,20400.0,,243.0,7.0,2.0,0.0,10.0,128195.0,2.0,6500.0,0.0
168,19.94,4.0,,91059.0,73.5,,0.0,46.7,69700.0,,7745.0,6.0,2.0,0.0,9.0,443600.0,2.0,29200.0,0.0
169,5.07,0.0,,40328.0,58.3,,0.0,35.2,21900.0,,4253.0,3.0,2.0,0.0,8.0,47389.0,2.0,10200.0,0.0
170,26.66,0.0,,5348.0,95.1,,0.0,65.7,11400.0,,228.0,5.0,3.0,0.0,9.0,10805.0,2.0,4700.0,0.0
171,5.81,0.0,,0.0,78.9,,0.0,70.4,15000.0,,2745.0,4.0,3.0,0.0,4.0,10553.0,3.0,13000.0,0.0
172,11.51,6.0,,41275.0,90.5,,0.0,82.4,60800.0,,5200.0,7.0,5.0,0.0,14.0,669904.0,5.0,54500.0,0.0
173,34.01,5.0,,61502.0,43.0,,0.0,31.2,46700.0,,16658.0,6.0,5.0,0.0,16.0,194846.0,4.0,29200.0,0.0
174,6.52,2.0,,0.0,98.6,,0.0,92.2,38400.0,,495.0,4.0,4.0,0.0,7.0,670509.0,4.0,35900.0,0.0
175,9.68,1.0,,49713.0,48.8,,0.0,47.3,18900.0,,6910.0,5.0,6.0,0.0,22.0,211038.0,4.0,13500.0,0.0
176,16.33,6.0,,22594.0,62.2,,0.0,57.6,59554.0,,20824.0,6.0,6.0,0.0,12.0,174442.0,6.0,55100.0,0.0
177,12.97,0.0,,0.0,77.0,,2867.0,42.4,17400.0,,553.0,3.0,2.0,0.0,6.0,6989.0,1.0,2400.0,0.0
178,9.84,2.0,,19187.0,11.2,,0.0,11.2,45500.0,,40391.0,2.0,9.0,0.0,11.0,121090.0,2.0,45500.0,0.0
179,16.33,1.0,,30824.0,47.7,,0.0,52.5,25700.0,,8427.0,5.0,3.0,0.0,8.0,176318.0,3.0,16100.0,0.0
180,35.86,6.0,,51909.0,76.1,,0.0,65.8,88000.0,,5985.0,13.0,7.0,0.0,22.0,339289.0,6.0,25000.0,0.0
181,22.18,8.0,,16273.0,93.7,,370.0,93.1,30400.0,,867.0,7.0,3.0,0.0,11.0,201897.0,3.0,13700.0,0.0
182,31.85,0.0,,127696.0,101.4,,0.0,71.8,25400.0,,0.0,6.0,2.0,0.0,32.0,138423.0,2.0,8600.0,0.0
183,33.57,4.0,,64733.0,53.5,,0.0,60.9,52800.0,,17687.0,7.0,4.0,0.0,13.0,330347.0,4.0,38000.0,0.0
184,20.76,1.0,,29642.0,20.8,,0.0,19.2,23000.0,,16792.0,2.0,3.0,0.0,7.0,42493.0,2.0,21200.0,0.0
185,13.12,3.0,,88526.0,42.6,,0.0,39.4,10500.0,,4474.0,5.0,4.0,0.0,26.0,157079.0,3.0,7800.0,0.0
186,15.31,3.0,,38748.0,15.7,,0.0,16.0,92000.0,,75433.0,6.0,12.0,0.0,19.0,133799.0,5.0,89500.0,0.0
187,15.99,4.0,,83383.0,60.5,,0.0,60.5,10500.0,,4144.0,2.0,2.0,0.0,4.0,66628.0,2.0,10500.0,0.0
188,6.73,3.0,,21912.0,62.0,,0.0,55.0,15350.0,,2208.0,10.0,7.0,0.0,11.0,27534.0,6.0,13250.0,0.0
189,25.99,0.0,,18125.0,76.7,,0.0,69.7,15500.0,,2959.0,5.0,4.0,0.0,11.0,23097.0,4.0,12700.0,0.0
190,10.91,0.0,,0.0,98.4,,0.0,80.9,15600.0,,196.0,2.0,1.0,0.0,2.0,12624.0,1.0,12600.0,0.0
191,31.25,0.0,,72641.0,29.1,,0.0,32.5,22100.0,,13539.0,6.0,5.0,0.0,17.0,83418.0,4.0,19100.0,0.0
192,11.78,5.0,,0.0,47.0,,0.0,40.8,33700.0,,14301.0,6.0,6.0,0.0,11.0,109137.0,4.0,27000.0,0.0
193,16.23,0.0,,71811.0,24.2,,0.0,18.6,14100.0,,7810.0,5.0,4.0,0.0,9.0,60945.0,4.0,10300.0,0.0
194,26.25,1.0,,47661.0,96.5,,0.0,70.0,75500.0,,525.0,7.0,2.0,0.0,11.0,105939.0,2.0,15000.0,0.0
195,10.33,2.0,,77919.0,82.7,,0.0,59.3,24500.0,,2629.0,5.0,3.0,0.0,12.0,256456.0,3.0,15200.0,0.0
196,19.37,1.0,,48416.0,73.9,,0.0,76.7,13300.0,,1254.0,2.0,1.0,0.0,9.0,226737.0,1.0,4800.0,0.0
197,19.17,0.0,,19607.0,51.4,,2623.0,32.8,9900.0,,778.0,5.0,3.0,0.0,10.0,18180.0,3.0,1600.0,0.0
198,16.63,4.0,,15049.0,98.4,,0.0,98.4,213300.0,,614.0,5.0,4.0,0.0,8.0,537576.0,4.0,38300.0,0.0
199,29.05,3.0,,8232.0,53.5,,267.0,41.1,4300.0,,698.0,5.0,2.0,0.0,12.0,7511.0,2.0,1500.0,0.0
200,20.47,3.0,,3660.0,70.5,,1979.0,40.9,38000.0,,5216.0,8.0,7.0,0.0,14.0,24786.0,7.0,17700.0,0.0
201,25.15,0.0,,66199.0,98.1,,0.0,94.6,27000.0,,456.0,7.0,4.0,0.0,10.0,86107.0,4.0,23900.0,0.0
202,33.77,1.0,,37258.0,80.4,,0.0,75.6,35700.0,,5525.0,10.0,6.0,0.0,13.0,232562.0,6.0,28200.0,0.0
203,18.65,2.0,,5000.0,62.2,,0.0,71.0,20700.0,,3557.0,10.0,5.0,0.0,12.0,67172.0,5.0,9400.0,0.0
204,24.49,2.0,,119462.0,87.3,,249.0,47.7,9500.0,,571.0,6.0,2.0,0.0,12.0,364350.0,2.0,4500.0,0.0
205,24.81,0.0,,29338.0,31.1,,0.0,31.1,10900.0,,7505.0,2.0,3.0,0.0,5.0,26729.0,2.0,10900.0,0.0
206,27.36,0.0,,46977.0,49.5,,0.0,44.0,27100.0,,2861.0,4.0,3.0,0.0,7.0,52974.0,3.0,26300.0,0.0
207,12.98,2.0,,43694.0,74.8,,0.0,58.5,8700.0,,1712.0,2.0,3.0,0.0,21.0,53737.0,2.0,6800.0,0.0
208,8.65,8.0,,22265.0,13.4,,191.0,9.0,29200.0,,17060.0,5.0,10.0,0.0,14.0,21244.0,5.0,19700.0,0.0
209,20.98,0.0,,13925.0,65.0,,0.0,65.0,17000.0,,5949.0,3.0,3.0,0.0,4.0,23371.0,3.0,17000.0,0.0
210,10.71,2.0,,69046.0,89.2,,0.0,89.2,86500.0,,1777.0,4.0,3.0,0.0,11.0,416304.0,3.0,16500.0,0.0
211,3.61,6.0,,19927.0,93.2,,0.0,93.2,7500.0,,509.0,1.0,1.0,0.0,5.0,150699.0,1.0,7500.0,0.0
212,6.32,0.0,,0.0,68.7,,0.0,68.7,89100.0,,41603.0,7.0,8.0,0.0,9.0,47497.0,7.0,89100.0,0.0
213,24.52,1.0,,102534.0,102.7,,0.0,78.4,19400.0,,0.0,6.0,4.0,0.0,20.0,104147.0,3.0,11600.0,0.0
214,11.83,3.0,,145642.0,92.7,,0.0,84.2,41300.0,,2721.0,5.0,5.0,0.0,14.0,706234.0,4.0,37400.0,0.0
215,10.76,3.0,,17770.0,43.5,,1468.0,54.5,12700.0,,4348.0,6.0,3.0,0.0,9.0,100600.0,2.0,7700.0,0.0
216,3.12,0.0,,56574.0,39.7,,0.0,34.1,25500.0,,13213.0,2.0,2.0,0.0,7.0,65151.0,2.0,21900.0,0.0
217,16.77,3.0,,35654.0,69.7,,0.0,62.4,28700.0,,3181.0,5.0,3.0,0.0,9.0,43075.0,3.0,10500.0,0.0
218,13.57,9.0,,25494.0,47.5,,0.0,33.5,19100.0,,6823.0,4.0,3.0,0.0,9.0,309034.0,3.0,13000.0,0.0
219,15.14,0.0,,62660.0,99.6,,0.0,46.1,15100.0,,16.0,6.0,2.0,0.0,16.0,55974.0,2.0,3600.0,0.0
220,15.56,1.0,,14000.0,51.9,,59.0,16.3,35300.0,,4375.0,10.0,5.0,0.0,15.0,18773.0,4.0,9100.0,0.0
221,30.67,2.0,,44398.0,52.2,,0.0,50.4,26400.0,,8848.0,7.0,7.0,0.0,16.0,45795.0,4.0,18500.0,0.0
222,33.63,0.0,,51993.0,65.5,,0.0,60.6,78000.0,,22412.0,9.0,7.0,0.0,15.0,82858.0,6.0,65000.0,0.0
223,25.85,0.0,,52760.0,22.8,,379.0,21.7,56600.0,,41624.0,5.0,8.0,0.0,13.0,53442.0,5.0,53900.0,0.0
224,24.45,4.0,,141645.0,98.4,,0.0,97.3,17500.0,,274.0,3.0,2.0,0.0,6.0,446611.0,2.0,17000.0,0.0
225,12.81,1.0,,45033.0,97.3,,0.0,80.3,19500.0,,383.0,3.0,1.0,0.0,7.0,214384.0,1.0,14000.0,0.0
226,33.7,1.0,,15785.0,,,0.0,39.4,18000.0,,,6.0,0.0,0.0,8.0,119085.0,0.0,0.0,0.0
227,14.47,2.0,,0.0,80.3,,291.0,57.8,19400.0,,2363.0,5.0,4.0,0.0,8.0,144705.0,4.0,12000.0,0.0
228,14.71,0.0,,0.0,34.3,,0.0,32.1,22800.0,,13406.0,7.0,7.0,0.0,9.0,7320.0,6.0,20400.0,0.0
229,13.24,4.0,,5971.0,46.5,,1089.0,41.1,108100.0,,5936.0,5.0,3.0,0.0,11.0,228060.0,2.0,11100.0,0.0
230,5.18,0.0,,0.0,87.6,,0.0,77.5,14700.0,,1613.0,2.0,2.0,0.0,5.0,14509.0,2.0,13000.0,0.0
231,21.19,2.0,,48059.0,89.5,,0.0,10.5,8500.0,,105.0,2.0,2.0,0.0,9.0,271437.0,2.0,1000.0,0.0
232,14.28,0.0,,30000.0,56.9,,70.0,47.4,27600.0,,7291.0,16.0,9.0,0.0,17.0,43219.0,9.0,16900.0,0.0
233,25.96,1.0,,50479.0,76.8,,0.0,59.3,20800.0,,3519.0,5.0,5.0,0.0,19.0,177491.0,4.0,15200.0,0.0
234,1.85,1.0,,8822.0,34.9,,0.0,34.0,25600.0,,15895.0,6.0,6.0,0.0,12.0,396386.0,5.0,24400.0,0.0
235,17.65,5.0,,34184.0,96.9,,0.0,81.7,17000.0,,217.0,4.0,3.0,0.0,7.0,34504.0,3.0,7000.0,0.0
236,25.35,0.0,,72155.0,37.7,,0.0,37.7,6100.0,,3799.0,2.0,3.0,0.0,15.0,48446.0,2.0,6100.0,0.0
237,22.9,2.0,,162432.0,79.2,,0.0,76.0,42600.0,,13087.0,10.0,7.0,0.0,29.0,236439.0,7.0,30900.0,0.0
238,17.6,5.0,,48987.0,78.0,,0.0,10.8,7700.0,,154.0,2.0,1.0,0.0,7.0,39289.0,1.0,700.0,0.0
239,10.96,6.0,,39241.0,104.9,,0.0,37.3,21500.0,,0.0,3.0,3.0,0.0,11.0,34162.0,2.0,6700.0,0.0
240,30.07,3.0,,225418.0,101.0,,0.0,89.7,35000.0,,0.0,12.0,9.0,0.0,26.0,384912.0,9.0,20600.0,0.0
241,16.5,1.0,,25564.0,83.4,,0.0,64.1,33000.0,,3654.0,6.0,3.0,0.0,10.0,203345.0,3.0,22000.0,0.0
242,17.83,0.0,,19645.0,57.9,,54.0,31.2,20600.0,,1853.0,7.0,3.0,0.0,14.0,23371.0,2.0,4400.0,0.0
243,26.95,2.0,,74682.0,93.6,,0.0,89.6,37300.0,,1017.0,6.0,3.0,0.0,11.0,70066.0,2.0,15900.0,0.0
244,13.46,5.0,,44815.0,44.3,,0.0,45.9,37300.0,,12522.0,9.0,8.0,0.0,17.0,493163.0,5.0,22500.0,0.0
245,21.97,0.0,,28890.0,43.7,,0.0,58.1,28600.0,,9739.0,7.0,5.0,0.0,13.0,43989.0,4.0,17300.0,0.0
246,29.37,1.0,,36822.0,47.6,,0.0,49.0,19300.0,,9846.0,5.0,5.0,0.0,9.0,82374.0,4.0,18800.0,0.0
247,14.53,0.0,,11031.0,32.2,,65.0,34.4,17900.0,,8200.0,7.0,6.0,0.0,12.0,14829.0,5.0,12100.0,0.0
248,24.63,0.0,,51568.0,97.1,,0.0,63.9,43600.0,,539.0,16.0,8.0,0.0,19.0,68157.0,8.0,18300.0,0.0
249,38.74,1.0,,51801.0,48.6,,125.0,49.2,36100.0,,12859.0,4.0,2.0,0.0,11.0,103700.0,2.0,25000.0,0.0
250,6.14,5.0,,0.0,83.0,,54.0,49.9,24700.0,,2256.0,9.0,7.0,0.0,15.0,312242.0,7.0,13300.0,0.0
251,16.49,5.0,,19500.0,79.4,,0.0,78.8,61200.0,,9309.0,7.0,4.0,0.0,10.0,353788.0,4.0,45200.0,0.0
252,17.2,1.0,,27288.0,67.7,,0.0,47.3,27400.0,,6079.0,4.0,3.0,0.0,8.0,109005.0,3.0,18800.0,0.0
253,15.37,2.0,,20000.0,60.4,,0.0,43.8,35300.0,,9901.0,2.0,3.0,0.0,10.0,162867.0,1.0,25000.0,0.0
254,21.74,0.0,,127772.0,84.6,,0.0,76.5,7200.0,,926.0,5.0,5.0,0.0,12.0,138822.0,4.0,6000.0,0.0
255,5.74,0.0,,0.0,79.9,,0.0,79.9,19000.0,,3815.0,3.0,4.0,0.0,4.0,15185.0,3.0,19000.0,0.0
256,24.8,1.0,,37220.0,97.6,,0.0,48.1,48400.0,,300.0,5.0,3.0,0.0,10.0,59046.0,3.0,12500.0,0.0
257,23.17,4.0,,0.0,86.2,,0.0,79.2,63800.0,,7988.0,6.0,4.0,0.0,7.0,163029.0,4.0,57800.0,0.0
258,4.16,0.0,,0.0,95.1,,0.0,84.0,7000.0,,237.0,4.0,3.0,0.0,4.0,5878.0,3.0,4800.0,0.0
259,11.57,0.0,,16352.0,53.0,,0.0,48.9,39000.0,,16928.0,5.0,6.0,0.0,8.0,24068.0,5.0,36000.0,0.0
260,13.73,2.0,,11337.0,45.5,,0.0,39.6,70900.0,,33130.0,10.0,9.0,0.0,14.0,394096.0,8.0,60800.0,0.0
261,25.0,0.0,,63885.0,6.8,,0.0,10.2,9800.0,,4006.0,2.0,2.0,0.0,7.0,53885.0,1.0,4300.0,0.0
262,1.42,4.0,,0.0,0.3,,0.0,5.9,101400.0,,74870.0,5.0,7.0,0.0,14.0,97774.0,1.0,75100.0,0.0
263,26.49,4.0,,32687.0,99.6,,0.0,93.2,25300.0,,57.0,5.0,3.0,0.0,9.0,494727.0,3.0,16200.0,0.0
264,5.12,4.0,,0.0,82.5,,0.0,82.5,32000.0,,5586.0,2.0,3.0,0.0,6.0,350643.0,2.0,32000.0,0.0
265,26.77,1.0,,24500.0,94.0,,0.0,69.2,6600.0,,244.0,3.0,2.0,0.0,6.0,26162.0,2.0,4100.0,0.0
266,17.75,0.0,,36239.0,92.7,,0.0,78.6,22500.0,,1330.0,3.0,3.0,0.0,8.0,41876.0,2.0,18300.0,0.0
267,14.8,1.0,,23559.0,94.6,,76.0,94.6,19600.0,,1065.0,7.0,7.0,0.0,11.0,354599.0,7.0,19600.0,0.0
268,12.75,2.0,,21244.0,85.2,,0.0,84.0,8800.0,,1078.0,3.0,2.0,0.0,5.0,156109.0,2.0,7300.0,0.0
269,24.78,1.0,,20108.0,76.0,,0.0,69.0,190080.0,,8154.0,21.0,15.0,0.0,25.0,136825.0,8.0,65230.0,0.0
270,11.55,3.0,,10000.0,100.0,,0.0,99.5,40500.0,,0.0,3.0,2.0,0.0,5.0,47605.0,2.0,29500.0,0.0
271,17.07,0.0,,22343.0,91.3,,0.0,67.1,27100.0,,925.0,11.0,7.0,0.0,20.0,37868.0,7.0,10600.0,0.0
272,27.13,1.0,,95771.0,53.1,,0.0,49.4,14897.0,,5769.0,5.0,4.0,0.0,21.0,296276.0,4.0,12300.0,0.0
273,9.56,3.0,,5000.0,18.8,,0.0,34.5,58200.0,,23886.0,5.0,3.0,0.0,12.0,120024.0,2.0,29400.0,0.0
274,12.46,0.0,,194080.0,84.3,,0.0,74.5,44400.0,,6141.0,8.0,11.0,0.0,14.0,227163.0,7.0,39000.0,0.0
275,25.17,0.0,,38207.0,101.3,,0.0,101.3,14800.0,,0.0,2.0,2.0,0.0,7.0,35998.0,2.0,14800.0,0.0
276,27.76,0.0,,85113.0,11.7,,0.0,9.1,27100.0,,13864.0,6.0,10.0,0.0,25.0,95557.0,4.0,15700.0,0.0
277,22.59,0.0,,20074.0,1.2,,0.0,28.4,7400.0,,1976.0,3.0,1.0,0.0,4.0,18739.0,1.0,2000.0,0.0
278,6.78,0.0,,2093.0,69.2,,0.0,69.2,3900.0,,1201.0,1.0,2.0,0.0,3.0,3598.0,1.0,3900.0,0.0
279,23.05,1.0,,21652.0,62.9,,0.0,74.3,155600.0,,6821.0,10.0,7.0,0.0,17.0,623016.0,7.0,18400.0,0.0
280,37.25,5.0,,65115.0,76.8,,0.0,76.2,16000.0,,3387.0,5.0,4.0,0.0,7.0,68268.0,4.0,14600.0,0.0
281,30.03,2.0,,34226.0,95.9,,2096.0,34.3,16100.0,,94.0,8.0,2.0,0.0,12.0,53147.0,2.0,2300.0,0.0
282,6.01,0.0,,17381.0,3.8,,0.0,3.5,39800.0,,35401.0,2.0,4.0,0.0,6.0,7059.0,2.0,36800.0,0.0
283,8.39,0.0,,0.0,96.2,,0.0,62.3,12900.0,,165.0,8.0,3.0,0.0,8.0,8031.0,3.0,4400.0,0.0
284,7.12,2.0,,0.0,,,0.0,26.3,1500.0,,,1.0,0.0,0.0,2.0,172613.0,0.0,0.0,0.0
285,25.46,0.0,,36723.0,94.0,,0.0,76.7,19200.0,,517.0,10.0,7.0,0.0,13.0,28689.0,7.0,8600.0,0.0
286,10.02,1.0,,25950.0,0.0,,0.0,38.7,17800.0,,3000.0,3.0,2.0,0.0,9.0,29177.0,0.0,3000.0,0.0
287,14.71,0.0,,13750.0,9.4,,0.0,8.9,42400.0,,32532.0,5.0,4.0,0.0,13.0,17466.0,4.0,35900.0,0.0
288,13.43,0.0,,28601.0,99.5,,0.0,87.0,15600.0,,64.0,3.0,2.0,0.0,13.0,47162.0,2.0,12600.0,0.0
289,39.21,0.0,,65846.0,94.6,,0.0,97.4,9200.0,,372.0,6.0,4.0,0.0,9.0,58952.0,4.0,6900.0,0.0
290,11.56,2.0,,42472.0,64.9,,0.0,64.9,13100.0,,4594.0,3.0,3.0,0.0,5.0,33752.0,3.0,13100.0,0.0
291,18.78,2.0,,43754.0,77.1,,0.0,61.6,15000.0,,2753.0,4.0,5.0,0.0,15.0,132552.0,4.0,12000.0,0.0
292,12.93,2.0,,22293.0,51.9,,0.0,46.2,35400.0,,14825.0,8.0,11.0,0.0,19.0,152069.0,7.0,30800.0,0.0
293,30.95,0.0,,10050.0,48.3,,0.0,48.9,31800.0,,9869.0,11.0,10.0,0.0,17.0,18327.0,7.0,19100.0,0.0
294,8.82,0.0,,0.0,45.8,,0.0,47.5,12500.0,,6234.0,4.0,6.0,0.0,8.0,5938.0,3.0,11500.0,0.0
295,15.09,1.0,,32148.0,36.8,,0.0,37.5,27900.0,,6067.0,7.0,10.0,0.0,20.0,226806.0,4.0,9600.0,0.0
296,10.26,0.0,,7000.0,20.4,,0.0,13.7,46700.0,,13821.0,11.0,6.0,0.0,19.0,15710.0,5.0,21900.0,0.0
297,16.95,1.0,,97903.0,24.5,,484.0,7.2,10500.0,,1359.0,2.0,1.0,0.0,14.0,226825.0,1.0,1800.0,0.0
298,21.39,5.0,,496727.0,61.9,,0.0,54.7,39400.0,,10643.0,4.0,3.0,0.0,7.0,513036.0,2.0,27900.0,0.0
299,12.45,4.0,,29447.0,75.7,,0.0,48.9,3000.0,,316.0,2.0,1.0,0.0,7.0,135142.0,1.0,1300.0,0.0
300,5.87,0.0,,5000.0,29.0,,0.0,31.5,19200.0,,12843.0,4.0,3.0,0.0,7.0,10925.0,3.0,18100.0,0.0
301,28.58,0.0,,60940.0,91.7,,0.0,68.7,25100.0,,1023.0,5.0,4.0,0.0,12.0,66243.0,3.0,12300.0,0.0
302,27.88,0.0,,58520.0,97.1,,0.0,58.7,23400.0,,325.0,6.0,4.0,0.0,12.0,55912.0,4.0,11200.0,0.0
303,13.73,1.0,,24184.0,95.3,,0.0,66.7,9800.0,,214.0,6.0,3.0,0.0,9.0,25066.0,3.0,4600.0,0.0
304,2.12,2.0,,49131.0,32.9,,0.0,54.9,5500.0,,1610.0,2.0,2.0,0.0,7.0,420309.0,1.0,2400.0,0.0
305,18.19,2.0,,30057.0,86.1,,0.0,86.1,8800.0,,1227.0,1.0,1.0,0.0,4.0,257401.0,1.0,8800.0,0.0
306,29.86,2.0,,39536.0,93.5,,0.0,83.4,26500.0,,1480.0,6.0,5.0,0.0,10.0,241208.0,5.0,22700.0,0.0
307,13.83,0.0,,21600.0,33.9,,0.0,41.8,26000.0,,13884.0,7.0,6.0,0.0,10.0,22714.0,6.0,21000.0,0.0
308,22.94,0.0,,19599.0,12.8,,0.0,31.0,8200.0,,2704.0,4.0,1.0,0.0,6.0,4176.0,1.0,3100.0,0.0
309,18.63,3.0,,19375.0,116.5,,0.0,51.8,7700.0,,0.0,3.0,2.0,0.0,11.0,19961.0,2.0,2800.0,0.0
310,37.54,7.0,,54341.0,76.3,,0.0,75.0,22700.0,,3703.0,12.0,5.0,0.0,20.0,212239.0,5.0,15600.0,0.0
311,34.93,3.0,,54693.0,38.3,,617.0,27.8,59800.0,,21644.0,5.0,7.0,0.0,19.0,187517.0,4.0,35100.0,0.0
312,19.61,0.0,,103551.0,71.3,,0.0,66.6,34000.0,,8365.0,5.0,4.0,0.0,10.0,46660.0,3.0,29100.0,0.0
313,29.82,3.0,,98415.0,7.8,,2449.0,13.2,13400.0,,6175.0,4.0,4.0,0.0,15.0,211833.0,2.0,6700.0,0.0
314,25.64,1.0,,68670.0,97.1,,0.0,86.1,13200.0,,251.0,5.0,3.0,0.0,9.0,160791.0,3.0,8800.0,0.0
315,10.65,2.0,,23335.0,13.5,,0.0,12.6,46300.0,,29415.0,3.0,7.0,0.0,16.0,98873.0,1.0,34000.0,0.0
316,13.24,0.0,,0.0,66.8,,0.0,63.2,35200.0,,10637.0,3.0,3.0,0.0,5.0,22243.0,2.0,32000.0,0.0
317,7.82,0.0,,0.0,72.3,,0.0,64.6,15700.0,,3849.0,2.0,1.0,0.0,4.0,10143.0,1.0,13900.0,0.0
318,20.09,0.0,,15400.0,92.5,,0.0,89.9,26200.0,,1898.0,7.0,6.0,0.0,8.0,37529.0,6.0,25400.0,0.0
319,13.09,0.0,,43853.0,59.8,,0.0,59.8,30100.0,,12096.0,4.0,7.0,0.0,8.0,58319.0,4.0,30100.0,0.0
320,35.52,0.0,,41484.0,97.1,,0.0,74.5,15500.0,,261.0,5.0,2.0,0.0,14.0,37673.0,2.0,9000.0,0.0
321,29.35,0.0,,42329.0,32.2,,0.0,25.2,32700.0,,10586.0,5.0,6.0,0.0,10.0,36395.0,4.0,14700.0,0.0
322,9.97,4.0,,0.0,52.3,,0.0,30.2,19700.0,,4578.0,6.0,5.0,0.0,9.0,96862.0,3.0,9600.0,0.0
323,13.66,2.0,,40279.0,77.1,,0.0,72.2,24800.0,,4425.0,12.0,7.0,0.0,23.0,196357.0,7.0,19300.0,0.0
324,27.76,3.0,,34969.0,84.5,,0.0,81.4,42500.0,,5633.0,14.0,12.0,0.0,19.0,64280.0,12.0,36400.0,0.0
325,30.03,3.0,,0.0,65.3,,0.0,53.4,69100.0,,18564.0,10.0,6.0,0.0,11.0,160767.0,6.0,53500.0,0.0
326,18.75,2.0,,37101.0,87.1,,0.0,87.1,35600.0,,4583.0,3.0,3.0,0.0,6.0,240139.0,3.0,35600.0,0.0
327,21.74,4.0,,41135.0,33.7,,0.0,23.7,11200.0,,4644.0,3.0,2.0,0.0,7.0,143701.0,2.0,7000.0,0.0
328,14.53,0.0,,26008.0,60.7,,801.0,33.9,22500.0,,3534.0,8.0,3.0,0.0,13.0,21972.0,3.0,9000.0,0.0
329,16.8,0.0,,40110.0,79.2,,0.0,79.2,21200.0,,4413.0,2.0,3.0,0.0,6.0,52975.0,2.0,21200.0,0.0
330,15.54,2.0,,38498.0,71.5,,0.0,43.1,26900.0,,2902.0,4.0,3.0,0.0,11.0,29272.0,2.0,10200.0,0.0
331,10.28,0.0,,0.0,79.3,,0.0,48.7,21800.0,,1406.0,9.0,5.0,0.0,11.0,10625.0,5.0,6800.0,0.0
332,12.98,2.0,,39344.0,3.9,,0.0,3.9,2200.0,,2114.0,2.0,2.0,0.0,5.0,179545.0,2.0,2200.0,0.0
333,8.89,1.0,,5000.0,0.0,,0.0,15.2,18200.0,,4800.0,1.0,2.0,0.0,8.0,156608.0,0.0,4800.0,0.0
334,31.56,0.0,,25070.0,98.7,,0.0,68.9,30800.0,,174.0,4.0,4.0,0.0,13.0,37614.0,2.0,13200.0,0.0
335,23.31,9.0,,41540.0,91.2,,0.0,77.0,59700.0,,3325.0,14.0,9.0,0.0,20.0,364534.0,9.0,37900.0,0.0
336,25.78,2.0,,0.0,61.7,,0.0,65.2,74900.0,,19671.0,11.0,6.0,0.0,13.0,146730.0,5.0,51400.0,0.0
337,27.79,0.0,,23555.0,90.1,,445.0,85.7,15700.0,,1242.0,7.0,4.0,0.0,8.0,33445.0,4.0,12600.0,0.0
338,10.22,1.0,,0.0,56.5,,0.0,70.8,39900.0,,11081.0,5.0,4.0,0.0,7.0,348958.0,3.0,25500.0,0.0
339,9.99,1.0,,38749.0,48.3,,0.0,48.9,56300.0,,17165.0,9.0,6.0,0.0,15.0,302608.0,4.0,33200.0,0.0
340,33.03,0.0,,86426.0,45.9,,0.0,36.3,73300.0,,29361.0,7.0,9.0,0.0,18.0,97380.0,4.0,54300.0,0.0
341,24.25,5.0,,60315.0,88.2,,0.0,87.2,53100.0,,6014.0,8.0,7.0,0.0,14.0,469756.0,7.0,51000.0,0.0
342,4.82,2.0,,19200.0,100.7,,0.0,100.7,4000.0,,0.0,2.0,2.0,0.0,3.0,11454.0,2.0,4000.0,0.0
343,16.91,1.0,,18958.0,92.9,,129.0,81.8,6000.0,,128.0,4.0,2.0,0.0,10.0,202091.0,2.0,1800.0,0.0
344,15.45,2.0,,0.0,81.1,,0.0,59.9,38800.0,,5341.0,9.0,11.0,0.0,19.0,155380.0,7.0,28200.0,0.0
345,20.72,4.0,,22560.0,96.7,,0.0,69.3,30900.0,,266.0,11.0,3.0,0.0,17.0,36920.0,2.0,8100.0,0.0
346,16.14,4.0,,57533.0,46.5,,449.0,45.4,54300.0,,28421.0,5.0,8.0,0.0,12.0,273107.0,5.0,53100.0,0.0
347,12.17,2.0,,0.0,37.7,,0.0,46.5,60300.0,,19512.0,6.0,4.0,0.0,8.0,159962.0,3.0,31300.0,0.0
348,6.22,0.0,,144511.0,57.5,,0.0,40.6,5100.0,,1529.0,2.0,2.0,0.0,22.0,160994.0,2.0,3600.0,0.0
349,19.89,5.0,,52604.0,0.0,,0.0,0.0,27000.0,,23500.0,0.0,3.0,0.0,8.0,28635.0,0.0,23500.0,0.0
350,7.87,3.0,,12650.0,60.8,,0.0,55.9,12500.0,,4509.0,4.0,4.0,0.0,10.0,204946.0,4.0,11500.0,0.0
351,9.76,0.0,,14372.0,72.3,,3593.0,60.6,10600.0,,1080.0,4.0,3.0,0.0,8.0,9270.0,1.0,3900.0,0.0
352,15.2,0.0,,28765.0,69.3,,100.0,48.2,24000.0,,5120.0,2.0,4.0,0.0,9.0,31905.0,2.0,16700.0,0.0
353,10.63,0.0,,12282.0,84.9,,0.0,84.9,44000.0,,6644.0,4.0,6.0,0.0,8.0,39824.0,4.0,44000.0,0.0
354,23.08,1.0,,15037.0,69.2,,0.0,92.0,32400.0,,1541.0,7.0,3.0,0.0,9.0,130010.0,3.0,5000.0,0.0
355,28.0,1.0,,39283.0,27.6,,0.0,28.3,25100.0,,10204.0,3.0,3.0,0.0,10.0,160835.0,2.0,14100.0,0.0
356,14.12,3.0,,36562.0,50.2,,0.0,40.6,34300.0,,10807.0,8.0,4.0,0.0,10.0,48893.0,4.0,21700.0,0.0
357,31.65,0.0,,53881.0,48.0,,0.0,22.8,26500.0,,6548.0,1.0,2.0,0.0,10.0,62177.0,1.0,12600.0,0.0
358,29.21,0.0,,60359.0,59.9,,215.0,62.5,5200.0,,1283.0,4.0,3.0,0.0,16.0,56504.0,3.0,3200.0,0.0
359,23.9,3.0,,16911.0,73.4,,0.0,38.8,25000.0,,2793.0,5.0,4.0,0.0,11.0,20060.0,3.0,10500.0,0.0
360,12.14,4.0,,36843.0,77.0,,0.0,63.6,16500.0,,2825.0,7.0,5.0,0.0,11.0,184946.0,5.0,12300.0,0.0
361,24.7,0.0,,26310.0,47.1,,0.0,46.0,52700.0,,16551.0,15.0,9.0,0.0,20.0,33171.0,9.0,31300.0,0.0
362,17.09,7.0,,64657.0,22.5,,0.0,25.3,113300.0,,73371.0,7.0,10.0,0.0,23.0,391178.0,4.0,94700.0,0.0
363,13.31,3.0,,107022.0,57.1,,0.0,40.0,11200.0,,3005.0,3.0,1.0,0.0,17.0,103274.0,1.0,7000.0,0.0
364,23.9,3.0,,174253.0,94.6,,0.0,38.6,31200.0,,589.0,7.0,4.0,0.0,22.0,271905.0,4.0,10900.0,0.0
365,26.9,4.0,,143893.0,64.3,,0.0,64.4,36100.0,,8852.0,4.0,4.0,0.0,26.0,188585.0,3.0,24800.0,0.0
366,15.67,3.0,,47837.0,56.0,,0.0,45.5,18400.0,,6517.0,5.0,6.0,0.0,16.0,283462.0,4.0,14800.0,0.0
367,14.2,10.0,,90456.0,,,0.0,45.7,22700.0,,,3.0,1.0,0.0,13.0,77697.0,0.0,0.0,0.0
368,7.61,1.0,,32888.0,48.3,,55.0,48.3,7300.0,,3773.0,3.0,3.0,0.0,6.0,30672.0,3.0,7300.0,0.0
369,26.23,0.0,,19307.0,60.9,,0.0,49.4,38500.0,,8999.0,22.0,16.0,0.0,28.0,37932.0,15.0,23500.0,0.0
370,14.86,10.0,,56174.0,17.9,,0.0,17.9,63600.0,,52210.0,4.0,5.0,0.0,12.0,559056.0,4.0,63600.0,0.0
371,18.78,0.0,,34388.0,77.7,,0.0,82.1,7900.0,,937.0,4.0,2.0,0.0,8.0,42801.0,2.0,4200.0,0.0
372,29.92,2.0,,32103.0,78.2,,0.0,61.4,126700.0,,8379.0,6.0,4.0,0.0,11.0,360149.0,4.0,64000.0,0.0
373,15.8,0.0,,44940.0,17.3,,0.0,11.7,39500.0,,18777.0,5.0,3.0,0.0,11.0,47062.0,3.0,22700.0,0.0
374,18.81,1.0,,66555.0,90.2,,0.0,57.4,27200.0,,1645.0,6.0,4.0,0.0,12.0,195327.0,4.0,16800.0,0.0
375,14.69,0.0,,90004.0,85.3,,0.0,72.1,23900.0,,2973.0,5.0,5.0,0.0,11.0,84335.0,5.0,20200.0,0.0
376,8.93,0.0,,0.0,28.5,,0.0,47.6,14800.0,,4536.0,6.0,7.0,0.0,13.0,15996.0,3.0,9800.0,0.0
377,12.83,0.0,,116489.0,65.2,,1137.0,70.1,12100.0,,3511.0,6.0,5.0,0.0,8.0,118593.0,5.0,10100.0,0.0
378,13.59,1.0,,0.0,95.2,,0.0,80.0,54300.0,,2042.0,10.0,7.0,0.0,12.0,401448.0,7.0,42600.0,0.0
379,17.22,4.0,,35128.0,76.8,,0.0,65.5,23200.0,,3383.0,7.0,4.0,0.0,11.0,148312.0,4.0,14600.0,0.0
380,27.1,7.0,,191191.0,90.7,,1253.0,58.3,29800.0,,1729.0,6.0,5.0,0.0,15.0,581944.0,5.0,18500.0,0.0
381,12.43,3.0,,221628.0,84.2,,0.0,80.8,80700.0,,1694.0,4.0,2.0,0.0,12.0,571603.0,2.0,10700.0,0.0
382,6.7,0.0,,1900.0,92.1,,0.0,66.9,19700.0,,1039.0,9.0,8.0,0.0,13.0,14642.0,6.0,13100.0,0.0
383,12.36,1.0,,21547.0,69.6,,0.0,31.1,21900.0,,2100.0,4.0,3.0,0.0,9.0,186327.0,3.0,6900.0,0.0
384,17.29,0.0,,0.0,84.4,,0.0,79.5,34800.0,,5121.0,7.0,6.0,0.0,9.0,27681.0,6.0,32800.0,0.0
385,21.86,0.0,,31101.0,25.3,,0.0,29.0,42000.0,,23595.0,5.0,5.0,0.0,14.0,36180.0,2.0,31600.0,0.0
386,6.76,0.0,,62810.0,45.3,,0.0,38.1,49800.0,,22853.0,5.0,6.0,0.0,12.0,72600.0,4.0,41800.0,0.0
387,32.67,0.0,,31792.0,42.5,,0.0,40.8,44200.0,,24377.0,4.0,8.0,0.0,13.0,38975.0,4.0,42400.0,0.0
388,18.92,1.0,,31465.0,97.7,,0.0,67.1,27600.0,,257.0,6.0,3.0,0.0,10.0,359501.0,3.0,11000.0,0.0
389,20.29,0.0,,38243.0,77.1,,0.0,75.6,6200.0,,983.0,5.0,3.0,0.0,8.0,24385.0,2.0,4300.0,0.0
390,23.13,3.0,,56128.0,53.2,,0.0,36.3,45600.0,,9453.0,10.0,6.0,0.0,21.0,308387.0,5.0,20200.0,0.0
391,14.13,0.0,,24584.0,54.8,,0.0,30.5,13100.0,,3302.0,6.0,7.0,0.0,17.0,6648.0,5.0,7300.0,0.0
392,20.19,1.0,,13212.0,70.4,,0.0,50.1,29300.0,,4735.0,13.0,7.0,0.0,19.0,23591.0,7.0,16000.0,0.0
393,23.27,0.0,,22118.0,75.2,,0.0,76.1,16900.0,,2752.0,3.0,1.0,0.0,4.0,23680.0,1.0,11100.0,0.0
394,16.42,0.0,,53659.0,59.6,,0.0,49.3,7500.0,,2506.0,2.0,3.0,0.0,7.0,50160.0,2.0,6200.0,0.0
395,9.52,0.0,,16750.0,90.1,,0.0,55.3,13100.0,,493.0,5.0,2.0,0.0,12.0,24475.0,2.0,5000.0,0.0
396,28.2,4.0,,11468.0,103.3,,0.0,31.0,5000.0,,0.0,1.0,1.0,0.0,5.0,70258.0,1.0,1500.0,0.0
397,16.68,3.0,,6300.0,94.1,,0.0,88.9,14500.0,,810.0,3.0,3.0,0.0,7.0,165683.0,3.0,13700.0,0.0
398,18.57,1.0,,8050.0,82.8,,0.0,65.0,19600.0,,2087.0,6.0,4.0,0.0,8.0,192795.0,4.0,12100.0,0.0
399,22.93,0.0,,75736.0,53.5,,440.0,48.6,8100.0,,2839.0,4.0,4.0,0.0,11.0,77248.0,3.0,6100.0,0.0
400,8.2,0.0,,13650.0,98.8,,230.0,59.3,4100.0,,18.0,4.0,1.0,0.0,6.0,12536.0,1.0,1500.0,0.0
401,23.02,1.0,,37243.0,95.8,,90.0,57.5,12400.0,,158.0,6.0,2.0,0.0,10.0,103333.0,2.0,3800.0,0.0
402,15.45,0.0,,100669.0,98.9,,0.0,98.9,26500.0,,270.0,3.0,2.0,0.0,9.0,116297.0,2.0,25500.0,0.0
403,29.74,2.0,,88256.0,32.7,,0.0,30.9,62800.0,,39907.0,4.0,8.0,0.0,15.0,104826.0,4.0,59300.0,0.0
404,17.52,4.0,,39240.0,61.2,,0.0,56.2,15600.0,,2564.0,4.0,3.0,0.0,10.0,324834.0,3.0,6600.0,0.0
405,12.76,2.0,,32081.0,44.6,,0.0,28.3,81600.0,,25704.0,12.0,6.0,56.0,23.0,120943.0,6.0,46400.0,1.0
406,2.48,2.0,,27279.0,38.3,,0.0,34.3,6700.0,,3702.0,2.0,4.0,0.0,9.0,17917.0,2.0,6000.0,0.0
407,8.82,0.0,,183927.0,96.2,,0.0,96.2,5800.0,,223.0,4.0,4.0,0.0,9.0,182810.0,4.0,5800.0,0.0
408,22.59,3.0,,67360.0,90.3,,0.0,94.6,21500.0,,1129.0,5.0,3.0,0.0,12.0,293240.0,3.0,11600.0,0.0
409,10.62,0.0,,24674.0,19.6,,0.0,15.0,38500.0,,16485.0,4.0,4.0,0.0,11.0,20266.0,3.0,20500.0,0.0
410,15.98,0.0,,44900.0,77.8,,0.0,63.2,21000.0,,3469.0,4.0,8.0,0.0,19.0,47214.0,3.0,15600.0,0.0
411,19.17,5.0,,13669.0,12.0,,125.0,10.9,90300.0,,61256.0,10.0,8.0,0.0,15.0,18214.0,7.0,69600.0,0.0
412,19.01,1.0,,43065.0,54.9,,0.0,54.9,3600.0,,1173.0,4.0,3.0,0.0,13.0,202506.0,3.0,2600.0,0.0
413,18.04,0.0,,16434.0,70.1,,0.0,70.1,2000.0,,597.0,1.0,1.0,0.0,3.0,7757.0,1.0,2000.0,0.0
414,21.33,0.0,,9485.0,35.6,,0.0,28.2,39600.0,,18618.0,14.0,10.0,0.0,21.0,16405.0,8.0,28900.0,0.0
415,6.7,0.0,,25343.0,0.0,,0.0,0.0,127200.0,,127195.0,1.0,8.0,0.0,9.0,17938.0,1.0,127200.0,0.0
416,13.8,2.0,,84891.0,61.4,,0.0,56.5,50700.0,,15993.0,5.0,4.0,0.0,11.0,580047.0,3.0,41400.0,0.0
417,16.39,0.0,,34552.0,84.5,,0.0,84.5,15500.0,,2398.0,3.0,3.0,0.0,6.0,29538.0,3.0,15500.0,0.0
418,4.93,0.0,,32136.0,101.7,,0.0,65.5,9100.0,,0.0,3.0,2.0,0.0,9.0,33839.0,2.0,2900.0,0.0
419,13.4,2.0,,12000.0,,,0.0,77.9,16200.0,,,3.0,0.0,0.0,6.0,23461.0,0.0,0.0,0.0
420,20.77,7.0,,38036.0,88.0,,0.0,39.1,36300.0,,1174.0,6.0,4.0,0.0,15.0,249125.0,3.0,9800.0,0.0
421,21.39,4.0,,12000.0,63.1,,60.0,49.2,16800.0,,4239.0,10.0,5.0,9.0,17.0,168028.0,5.0,11500.0,1.0
422,25.54,0.0,,14000.0,72.5,,0.0,58.1,20400.0,,2972.0,15.0,9.0,0.0,17.0,23446.0,9.0,10800.0,0.0
423,15.25,6.0,,27320.0,50.3,,0.0,52.1,25800.0,,3929.0,6.0,2.0,0.0,9.0,231903.0,1.0,7900.0,0.0
424,15.26,2.0,,81099.0,54.3,,0.0,46.7,25400.0,,9595.0,3.0,4.0,0.0,15.0,302742.0,2.0,21000.0,0.0
425,14.75,0.0,,7550.0,94.4,,0.0,82.5,11900.0,,587.0,4.0,4.0,0.0,6.0,14583.0,4.0,10400.0,0.0
426,4.46,0.0,,5827.0,0.4,,0.0,0.4,6500.0,,6475.0,1.0,3.0,0.0,4.0,4490.0,1.0,6500.0,0.0
427,22.51,0.0,,27384.0,96.7,,0.0,96.7,3500.0,,114.0,3.0,3.0,0.0,7.0,21235.0,3.0,3500.0,0.0
428,11.0,2.0,,15000.0,97.7,,0.0,97.7,20000.0,,458.0,3.0,3.0,0.0,5.0,235482.0,3.0,20000.0,0.0
429,16.88,5.0,,233787.0,94.6,,316.0,86.9,61900.0,,2446.0,8.0,5.0,0.0,15.0,692497.0,5.0,47600.0,0.0
430,10.58,2.0,,20867.0,49.7,,830.0,36.8,30100.0,,11169.0,5.0,5.0,0.0,13.0,31280.0,4.0,22200.0,0.0
431,16.62,0.0,,25000.0,73.8,,0.0,55.9,25100.0,,4976.0,3.0,3.0,0.0,6.0,37997.0,3.0,19000.0,0.0
432,17.35,4.0,,189616.0,96.5,,0.0,61.3,26000.0,,35.0,10.0,1.0,0.0,37.0,340768.0,1.0,1000.0,0.0
433,14.86,4.0,,19017.0,60.2,,0.0,50.8,23800.0,,7597.0,6.0,8.0,0.0,11.0,23512.0,5.0,19100.0,0.0
434,19.07,1.0,,66634.0,74.0,,0.0,51.3,20700.0,,2939.0,8.0,5.0,0.0,20.0,53755.0,5.0,11300.0,0.0
435,29.51,4.0,,14040.0,75.2,,3508.0,88.4,38200.0,,1290.0,6.0,3.0,0.0,12.0,237462.0,3.0,5200.0,0.0
436,14.64,0.0,,50841.0,23.3,,0.0,77.6,10500.0,,1918.0,3.0,1.0,0.0,7.0,49652.0,1.0,2500.0,0.0
437,10.69,1.0,,46416.0,58.7,,45.0,46.9,13800.0,,2805.0,2.0,2.0,0.0,7.0,88657.0,1.0,6800.0,0.0
438,35.36,2.0,,112796.0,92.9,,0.0,77.6,22000.0,,404.0,9.0,2.0,0.0,18.0,123666.0,1.0,5700.0,0.0
439,16.54,0.0,,9422.0,60.5,,0.0,52.7,12200.0,,3869.0,4.0,4.0,0.0,8.0,14316.0,3.0,9800.0,0.0
440,10.6,5.0,,22977.0,59.0,,0.0,53.3,71700.0,,26562.0,4.0,7.0,0.0,13.0,507705.0,4.0,64800.0,0.0
441,11.21,2.0,,18008.0,63.3,,0.0,53.4,50600.0,,15532.0,8.0,6.0,51.0,13.0,180415.0,6.0,42300.0,1.0
442,10.66,0.0,,0.0,85.3,,0.0,67.3,13200.0,,1504.0,4.0,3.0,0.0,4.0,8887.0,3.0,10200.0,0.0
443,6.41,2.0,,0.0,88.9,,0.0,93.1,32200.0,,2753.0,3.0,3.0,0.0,4.0,29992.0,2.0,24800.0,0.0
444,6.8,2.0,,20000.0,44.9,,0.0,38.1,39300.0,,18346.0,6.0,6.0,0.0,10.0,401274.0,6.0,33300.0,0.0
445,15.09,0.0,,10000.0,73.5,,0.0,49.3,28900.0,,5143.0,7.0,8.0,0.0,14.0,21257.0,7.0,19400.0,0.0
446,9.58,3.0,,124594.0,65.3,,0.0,42.9,41300.0,,8291.0,6.0,5.0,0.0,17.0,365729.0,4.0,23900.0,0.0
447,26.46,0.0,,11440.0,95.8,,0.0,64.4,4800.0,,76.0,4.0,1.0,0.0,5.0,11673.0,1.0,1800.0,0.0
448,21.79,0.0,,46643.0,68.9,,0.0,50.3,34600.0,,6090.0,6.0,4.0,0.0,10.0,54467.0,4.0,19600.0,0.0
449,17.15,5.0,,25770.0,54.3,,0.0,44.0,26100.0,,6995.0,6.0,3.0,0.0,14.0,155275.0,2.0,15300.0,0.0
450,38.14,3.0,,38346.0,85.8,,0.0,68.7,23800.0,,356.0,15.0,3.0,0.0,17.0,142239.0,3.0,2500.0,0.0
451,7.72,3.0,,0.0,84.0,,0.0,73.1,27300.0,,3318.0,4.0,2.0,0.0,6.0,225568.0,2.0,20800.0,0.0
452,6.21,4.0,,0.0,67.6,,0.0,36.1,42100.0,,6503.0,5.0,3.0,0.0,9.0,266761.0,3.0,20100.0,0.0
453,27.1,1.0,,150081.0,37.5,,0.0,28.8,13700.0,,6561.0,2.0,3.0,0.0,15.0,277442.0,2.0,10500.0,0.0
454,29.37,2.0,,82059.0,20.9,,0.0,21.3,38200.0,,29976.0,6.0,5.0,0.0,20.0,71458.0,5.0,37900.0,0.0
455,24.43,0.0,,9057.0,82.9,,0.0,81.0,12400.0,,682.0,4.0,2.0,0.0,6.0,13363.0,2.0,4000.0,0.0
456,7.33,1.0,,15801.0,22.1,,0.0,22.3,21800.0,,16353.0,7.0,6.0,0.0,8.0,14164.0,6.0,21000.0,0.0
457,16.39,0.0,,22560.0,41.9,,0.0,40.0,19900.0,,11038.0,4.0,8.0,0.0,10.0,20168.0,4.0,19000.0,0.0
458,20.43,2.0,,44914.0,0.0,,0.0,38.0,36900.0,,3300.0,3.0,2.0,0.0,18.0,195368.0,0.0,3300.0,0.0
459,12.22,0.0,,29964.0,4.4,,0.0,4.4,1800.0,,1720.0,1.0,1.0,0.0,4.0,2863.0,1.0,1800.0,0.0
460,29.66,1.0,,71796.0,46.9,,0.0,45.9,33800.0,,15550.0,5.0,5.0,0.0,13.0,205532.0,4.0,29300.0,0.0
461,19.51,0.0,,51905.0,77.0,,0.0,61.1,14000.0,,2532.0,4.0,4.0,0.0,8.0,50612.0,3.0,11000.0,0.0
462,13.3,0.0,,17398.0,98.1,,0.0,97.3,37800.0,,666.0,6.0,5.0,0.0,7.0,46524.0,5.0,34300.0,0.0
463,27.0,2.0,,133150.0,55.3,,0.0,42.1,31200.0,,8487.0,2.0,4.0,0.0,10.0,121945.0,1.0,19000.0,0.0
464,27.91,0.0,,68504.0,6.5,,0.0,4.5,38700.0,,21029.0,4.0,6.0,0.0,19.0,44275.0,2.0,22500.0,0.0
465,19.44,3.0,,18825.0,45.7,,0.0,39.6,29400.0,,13851.0,2.0,3.0,0.0,8.0,121211.0,2.0,25500.0,0.0
466,7.62,2.0,,32018.0,75.0,,0.0,57.4,19100.0,,3570.0,3.0,3.0,0.0,8.0,224780.0,2.0,14300.0,0.0
467,13.04,3.0,,21931.0,44.8,,0.0,76.4,24000.0,,3808.0,2.0,2.0,0.0,8.0,381037.0,1.0,6900.0,0.0
468,7.57,2.0,,23704.0,48.7,,0.0,48.7,21500.0,,11039.0,2.0,3.0,0.0,5.0,202370.0,2.0,21500.0,0.0
469,8.95,0.0,,0.0,59.1,,0.0,44.0,8700.0,,1716.0,6.0,4.0,0.0,7.0,3828.0,4.0,4200.0,0.0
470,15.06,1.0,,17222.0,90.6,,0.0,53.3,25900.0,,992.0,8.0,3.0,0.0,13.0,195344.0,3.0,10500.0,0.0
471,13.15,2.0,,49773.0,50.5,,0.0,38.7,30600.0,,8856.0,5.0,3.0,0.0,10.0,22083.0,2.0,17900.0,0.0
472,18.5,6.0,,32185.0,26.5,,0.0,29.6,39600.0,,27330.0,5.0,4.0,0.0,10.0,36178.0,3.0,37200.0,0.0
473,38.99,0.0,,28538.0,99.8,,0.0,59.7,32200.0,,13.0,6.0,1.0,0.0,14.0,37925.0,1.0,5500.0,0.0
474,24.75,1.0,,36377.0,86.7,,0.0,61.6,22500.0,,1067.0,4.0,2.0,0.0,7.0,44338.0,1.0,8000.0,0.0
475,10.02,0.0,,376929.0,78.3,,50.0,68.8,16700.0,,2041.0,4.0,3.0,0.0,21.0,470868.0,2.0,9400.0,0.0
476,15.22,2.0,,84142.0,28.6,,0.0,37.1,49500.0,,30363.0,14.0,9.0,0.0,18.0,106425.0,9.0,42500.0,0.0
477,13.17,0.0,,0.0,24.9,,0.0,18.5,74300.0,,39450.0,6.0,7.0,0.0,11.0,13781.0,4.0,52500.0,0.0
478,16.82,3.0,,19693.0,49.3,,0.0,52.6,25100.0,,1928.0,8.0,4.0,0.0,13.0,118887.0,2.0,3800.0,0.0
479,26.36,2.0,,59064.0,51.3,,0.0,41.1,13000.0,,3166.0,6.0,4.0,0.0,11.0,283874.0,4.0,6500.0,0.0
480,19.12,0.0,,24334.0,74.4,,0.0,54.7,39500.0,,7370.0,6.0,4.0,0.0,12.0,39594.0,4.0,28800.0,0.0
481,11.66,0.0,,0.0,80.4,,0.0,37.3,20100.0,,294.0,7.0,1.0,0.0,11.0,7496.0,1.0,1500.0,0.0
482,15.7,0.0,,15000.0,41.0,,0.0,30.4,30300.0,,13163.0,3.0,5.0,0.0,11.0,17947.0,2.0,22300.0,0.0
483,16.84,2.0,,130273.0,44.1,,0.0,25.1,29900.0,,8559.0,3.0,3.0,0.0,11.0,251185.0,1.0,15300.0,0.0
484,23.67,1.0,,112758.0,61.2,,0.0,54.6,44800.0,,14838.0,8.0,7.0,0.0,15.0,506540.0,7.0,38200.0,0.0
485,10.37,4.0,,39262.0,1.2,,0.0,53.0,46800.0,,17579.0,5.0,3.0,0.0,8.0,315640.0,3.0,17800.0,0.0
486,11.48,2.0,,0.0,32.6,,0.0,27.6,39100.0,,22303.0,2.0,3.0,0.0,5.0,35099.0,2.0,33100.0,0.0
487,11.34,5.0,,14000.0,59.8,,0.0,49.2,60500.0,,18821.0,9.0,8.0,0.0,20.0,336899.0,5.0,46800.0,0.0
488,20.52,0.0,,13683.0,75.9,,0.0,69.7,6400.0,,724.0,4.0,2.0,0.0,7.0,8698.0,2.0,3000.0,0.0
489,7.88,0.0,,15284.0,31.2,,136.0,31.2,43100.0,,29654.0,3.0,6.0,0.0,10.0,15922.0,3.0,43100.0,0.0
490,19.52,2.0,,50608.0,55.9,,0.0,67.8,81500.0,,12248.0,8.0,4.0,0.0,14.0,184864.0,4.0,27800.0,0.0
491,20.78,0.0,,33078.0,78.4,,0.0,79.8,27300.0,,2706.0,10.0,7.0,0.0,13.0,51591.0,6.0,12500.0,0.0
492,15.48,0.0,,17500.0,31.5,,0.0,31.1,23900.0,,14724.0,4.0,5.0,0.0,9.0,21055.0,3.0,21500.0,0.0
493,13.77,0.0,,0.0,96.5,,0.0,96.5,30200.0,,1063.0,3.0,3.0,0.0,3.0,29137.0,3.0,30200.0,0.0
494,23.77,3.0,,50104.0,88.4,,0.0,77.0,28400.0,,1841.0,9.0,5.0,0.0,14.0,301538.0,5.0,15900.0,0.0
495,23.27,1.0,,38573.0,78.3,,0.0,69.5,30700.0,,4764.0,7.0,5.0,0.0,15.0,244439.0,5.0,22000.0,0.0
496,17.84,1.0,,27490.0,89.3,,0.0,75.0,30200.0,,1658.0,7.0,4.0,0.0,9.0,350400.0,4.0,15500.0,0.0
497,16.89,1.0,,0.0,69.8,,0.0,64.0,36200.0,,10032.0,4.0,4.0,0.0,8.0,23248.0,4.0,33200.0,0.0
498,10.06,4.0,,0.0,70.0,,0.0,56.4,60900.0,,13792.0,7.0,5.0,0.0,13.0,279744.0,5.0,46000.0,0.0
499,19.95,1.0,,22667.0,8.2,,0.0,8.2,4000.0,,3671.0,1.0,2.0,0.0,7.0,238383.0,1.0,4000.0,0.0
500,25.89,0.0,,37684.0,17.2,,300.0,21.1,48500.0,,30151.0,7.0,6.0,0.0,18.0,44286.0,3.0,36400.0,0.0
501,14.26,3.0,,72233.0,59.2,,0.0,64.1,16000.0,,4893.0,5.0,4.0,0.0,11.0,331235.0,3.0,12000.0,0.0
502,20.37,1.0,,0.0,71.0,,0.0,69.1,55500.0,,15079.0,7.0,6.0,0.0,8.0,154064.0,6.0,52000.0,0.0
503,30.53,2.0,,30000.0,60.7,,0.0,61.3,37400.0,,11914.0,7.0,4.0,0.0,13.0,33665.0,3.0,30300.0,0.0
504,18.84,4.0,,103890.0,87.6,,44.0,69.0,16500.0,,742.0,6.0,1.0,0.0,16.0,103774.0,1.0,6000.0,0.0
505,25.19,3.0,,66724.0,90.2,,0.0,92.6,74900.0,,2709.0,7.0,4.0,0.0,16.0,347731.0,4.0,27600.0,0.0
506,17.51,6.0,,47280.0,78.2,,0.0,78.2,15000.0,,3268.0,2.0,4.0,0.0,10.0,161202.0,2.0,15000.0,0.0
507,22.12,0.0,,111345.0,72.1,,0.0,70.8,27200.0,,7447.0,8.0,8.0,0.0,12.0,101301.0,8.0,26700.0,0.0
508,22.53,1.0,,0.0,82.7,,0.0,81.8,232200.0,,4676.0,6.0,4.0,0.0,8.0,230068.0,4.0,27000.0,0.0
509,32.92,1.0,,151746.0,75.9,,0.0,70.1,21200.0,,4731.0,4.0,5.0,0.0,23.0,342975.0,4.0,19600.0,0.0
510,26.55,2.0,,42831.0,90.8,,0.0,49.1,16700.0,,231.0,4.0,1.0,0.0,9.0,108883.0,1.0,2500.0,0.0
511,23.1,0.0,,30000.0,93.9,,0.0,85.1,12600.0,,577.0,5.0,4.0,0.0,9.0,28788.0,3.0,9500.0,0.0
512,18.48,4.0,,87262.0,70.6,,0.0,61.6,43600.0,,10831.0,7.0,6.0,0.0,12.0,89772.0,6.0,36800.0,0.0
513,27.25,0.0,,50479.0,61.4,,0.0,39.0,28900.0,,4403.0,11.0,6.0,0.0,18.0,37024.0,6.0,11400.0,0.0
514,14.59,8.0,,46738.0,85.5,,0.0,85.5,4000.0,,578.0,1.0,2.0,0.0,6.0,33995.0,1.0,4000.0,0.0
515,35.28,1.0,,83659.0,42.5,,0.0,37.9,40000.0,,20535.0,4.0,7.0,0.0,13.0,81328.0,4.0,35700.0,0.0
516,18.95,3.0,,89695.0,1.6,,633.0,1.0,19900.0,,12797.0,2.0,3.0,0.0,12.0,274785.0,2.0,13000.0,0.0
517,39.73,0.0,,15494.0,93.7,,0.0,49.4,160100.0,,266.0,7.0,4.0,0.0,13.0,150858.0,3.0,4200.0,0.0
518,20.68,0.0,,0.0,74.0,,0.0,74.5,43000.0,,8349.0,6.0,6.0,0.0,8.0,32026.0,5.0,32100.0,0.0
519,12.1,4.0,,26135.0,94.3,,0.0,91.7,41100.0,,2268.0,4.0,3.0,0.0,6.0,361663.0,3.0,39600.0,0.0
520,26.32,3.0,,15756.0,83.4,,0.0,75.8,13200.0,,1855.0,3.0,3.0,0.0,9.0,307822.0,2.0,11200.0,0.0
521,4.64,1.0,,21817.0,37.4,,0.0,37.4,35900.0,,22469.0,5.0,5.0,0.0,7.0,30650.0,5.0,35900.0,0.0
522,26.32,1.0,,39784.0,49.8,,0.0,46.0,111600.0,,48254.0,17.0,15.0,0.0,24.0,165941.0,15.0,96100.0,0.0
523,32.41,0.0,,31051.0,83.9,,0.0,83.0,87800.0,,12220.0,14.0,12.0,0.0,18.0,87449.0,12.0,75800.0,0.0
524,17.61,3.0,,6931.0,93.6,,0.0,93.5,22300.0,,1411.0,5.0,4.0,0.0,7.0,231531.0,4.0,21900.0,0.0
525,4.06,2.0,,0.0,51.3,,0.0,51.3,22400.0,,9012.0,4.0,6.0,0.0,10.0,119265.0,3.0,18500.0,0.0
526,10.35,0.0,,293320.0,68.9,,0.0,58.3,24500.0,,4356.0,5.0,2.0,0.0,33.0,314736.0,2.0,14000.0,0.0
527,18.4,3.0,,70371.0,100.5,,0.0,82.5,27900.0,,0.0,10.0,5.0,0.0,15.0,234320.0,5.0,9000.0,0.0
528,17.48,7.0,,15682.0,99.5,,0.0,87.2,55900.0,,143.0,7.0,3.0,0.0,14.0,339324.0,3.0,30000.0,0.0
529,11.29,7.0,,13222.0,34.5,,0.0,23.9,17400.0,,7602.0,7.0,5.0,0.0,13.0,16183.0,5.0,11600.0,0.0
530,14.01,3.0,,7641.0,95.1,,0.0,75.4,46500.0,,1708.0,9.0,6.0,0.0,15.0,222611.0,6.0,35200.0,0.0
531,19.36,4.0,,123501.0,32.2,,0.0,31.6,130400.0,,83641.0,6.0,13.0,0.0,21.0,421636.0,5.0,123400.0,0.0
532,19.58,3.0,,34446.0,50.7,,431.0,40.4,6900.0,,2713.0,2.0,2.0,0.0,13.0,119015.0,2.0,5500.0,0.0
533,20.66,3.0,,0.0,48.5,,0.0,66.5,47200.0,,15141.0,8.0,5.0,0.0,8.0,31365.0,5.0,29400.0,0.0
534,21.6,0.0,,40609.0,91.7,,0.0,79.1,18400.0,,1069.0,5.0,4.0,0.0,14.0,35917.0,4.0,12900.0,0.0
535,6.72,0.0,,15106.0,18.6,,0.0,16.4,47000.0,,33784.0,2.0,3.0,0.0,6.0,11921.0,2.0,41500.0,0.0
536,34.13,0.0,,36995.0,61.9,,0.0,51.7,23700.0,,7543.0,6.0,7.0,0.0,12.0,32466.0,6.0,19800.0,0.0
537,1.61,5.0,,0.0,36.1,,0.0,31.7,14200.0,,6514.0,5.0,4.0,0.0,7.0,254657.0,4.0,10200.0,0.0
538,18.88,0.0,,42278.0,17.4,,0.0,16.9,29900.0,,23950.0,3.0,11.0,0.0,14.0,41542.0,3.0,29000.0,0.0
539,15.84,2.0,,22314.0,64.2,,0.0,44.8,10900.0,,2292.0,6.0,6.0,0.0,13.0,146398.0,5.0,6400.0,0.0
540,25.89,3.0,,162990.0,0.0,,418.0,29.1,13700.0,,3200.0,1.0,2.0,0.0,30.0,305133.0,0.0,3200.0,0.0
541,26.37,1.0,,52728.0,41.4,,0.0,26.3,17300.0,,4865.0,3.0,3.0,0.0,11.0,131706.0,1.0,8300.0,0.0
542,9.99,0.0,,56207.0,84.0,,0.0,32.1,18400.0,,1088.0,3.0,2.0,0.0,12.0,60564.0,2.0,6800.0,0.0
543,19.55,2.0,,28584.0,98.3,,644.0,75.5,37700.0,,171.0,10.0,5.0,0.0,13.0,311276.0,5.0,9900.0,0.0
544,18.67,0.0,,29933.0,13.7,,0.0,21.7,10000.0,,6474.0,2.0,3.0,0.0,5.0,29433.0,1.0,7500.0,0.0
545,21.1,3.0,,36441.0,50.1,,0.0,43.3,38700.0,,5794.0,16.0,6.0,0.0,22.0,51711.0,6.0,11600.0,0.0
546,22.45,0.0,,18500.0,49.7,,0.0,48.7,17800.0,,6583.0,7.0,6.0,0.0,11.0,17043.0,6.0,13100.0,0.0
547,24.22,0.0,,30991.0,99.1,,0.0,77.3,13300.0,,92.0,5.0,4.0,0.0,13.0,16805.0,4.0,10100.0,0.0
548,6.97,5.0,,0.0,65.9,,0.0,80.7,21600.0,,2420.0,6.0,3.0,0.0,7.0,17436.0,2.0,7100.0,0.0
549,9.57,3.0,,6000.0,81.2,,0.0,32.9,6700.0,,413.0,4.0,4.0,0.0,9.0,128278.0,3.0,2200.0,0.0
550,2.9,1.0,,0.0,10.0,,0.0,10.0,66500.0,,59863.0,5.0,7.0,0.0,8.0,93786.0,5.0,66500.0,0.0
551,7.79,4.0,,45525.0,26.2,,0.0,26.2,64300.0,,14246.0,4.0,7.0,0.0,11.0,53479.0,3.0,19300.0,0.0
552,31.12,3.0,,56578.0,87.9,,0.0,65.2,37900.0,,2414.0,11.0,5.0,0.0,20.0,165851.0,5.0,20000.0,0.0
553,17.44,0.0,,23493.0,92.5,,0.0,94.5,18400.0,,854.0,6.0,4.0,0.0,9.0,32560.0,4.0,11400.0,0.0
554,6.59,2.0,,35604.0,76.3,,0.0,55.0,32400.0,,5505.0,7.0,5.0,0.0,20.0,49882.0,5.0,23200.0,0.0
555,22.85,1.0,,133297.0,20.1,,0.0,13.3,30600.0,,16226.0,1.0,6.0,0.0,21.0,134495.0,1.0,20300.0,0.0
556,17.5,2.0,,51896.0,99.0,,0.0,97.8,57200.0,,539.0,7.0,7.0,0.0,13.0,383029.0,6.0,55100.0,0.0
557,23.91,7.0,,173218.0,79.2,,2393.0,48.3,48100.0,,4057.0,10.0,4.0,0.0,20.0,614712.0,4.0,19500.0,0.0
558,22.29,1.0,,26508.0,100.5,,0.0,71.4,13800.0,,0.0,7.0,3.0,0.0,11.0,25804.0,3.0,5800.0,0.0
559,39.77,0.0,,92062.0,63.7,,0.0,65.7,22900.0,,7229.0,6.0,5.0,0.0,11.0,76113.0,4.0,19900.0,0.0
560,9.08,2.0,,70696.0,91.1,,0.0,74.7,23200.0,,1332.0,6.0,5.0,0.0,15.0,539288.0,4.0,14900.0,0.0
561,21.47,0.0,,19499.0,30.5,,0.0,30.3,58200.0,,32116.0,10.0,12.0,0.0,17.0,27151.0,8.0,46200.0,0.0
562,13.9,0.0,,36953.0,73.2,,62.0,22.5,4300.0,,214.0,2.0,1.0,0.0,7.0,31055.0,1.0,800.0,0.0
563,12.77,3.0,,23654.0,41.4,,0.0,43.5,2800.0,,1464.0,4.0,3.0,0.0,9.0,82262.0,3.0,2500.0,0.0
564,17.75,0.0,,14763.0,30.0,,0.0,45.7,55300.0,,28197.0,5.0,6.0,0.0,10.0,40388.0,4.0,40300.0,0.0
565,25.62,1.0,,46382.0,30.2,,475.0,40.2,17000.0,,1396.0,6.0,1.0,0.0,16.0,220476.0,1.0,2000.0,0.0
566,36.74,0.0,,19625.0,48.9,,0.0,43.3,31000.0,,13542.0,7.0,4.0,172.0,9.0,22533.0,5.0,26500.0,1.0
567,21.91,5.0,,62031.0,36.6,,0.0,48.6,83900.0,,25427.0,7.0,3.0,0.0,13.0,215938.0,3.0,40100.0,0.0
568,6.56,1.0,,15731.0,19.6,,0.0,22.0,45700.0,,23887.0,4.0,4.0,0.0,8.0,105373.0,3.0,29700.0,0.0
569,14.47,2.0,,14556.0,73.6,,0.0,42.0,440300.0,,5668.0,7.0,5.0,0.0,20.0,644295.0,4.0,21500.0,0.0
570,4.44,2.0,,13130.0,94.5,,1016.0,86.3,60500.0,,24083.0,3.0,3.0,0.0,9.0,576186.0,3.0,58900.0,0.0
571,30.9,3.0,,45406.0,31.1,,0.0,20.7,15000.0,,6893.0,1.0,1.0,0.0,6.0,184262.0,1.0,10000.0,0.0
572,18.69,0.0,,30121.0,50.7,,0.0,47.9,66300.0,,30720.0,6.0,6.0,0.0,8.0,61079.0,5.0,62300.0,0.0
573,29.11,1.0,,53518.0,61.9,,925.0,67.6,31600.0,,8988.0,5.0,8.0,0.0,18.0,159587.0,4.0,23600.0,0.0
574,30.49,4.0,,33916.0,52.5,,0.0,76.9,38100.0,,7032.0,6.0,3.0,0.0,11.0,310748.0,3.0,14800.0,0.0
575,8.58,0.0,,0.0,72.2,,0.0,67.4,11600.0,,2331.0,5.0,4.0,0.0,6.0,7813.0,4.0,8400.0,0.0
576,25.36,3.0,,58413.0,90.4,,0.0,64.9,30600.0,,2106.0,5.0,6.0,0.0,10.0,54708.0,4.0,21900.0,0.0
577,17.04,0.0,,74960.0,80.3,,0.0,60.4,43900.0,,3732.0,17.0,10.0,0.0,23.0,93425.0,10.0,18900.0,0.0
578,12.72,6.0,,14301.0,40.0,,0.0,38.5,134700.0,,76306.0,11.0,15.0,0.0,19.0,505488.0,10.0,127200.0,0.0
579,16.06,0.0,,23429.0,52.1,,0.0,44.6,32300.0,,10732.0,5.0,6.0,0.0,13.0,31986.0,3.0,22400.0,0.0
580,12.85,4.0,,61692.0,35.1,,0.0,33.9,85800.0,,53890.0,4.0,7.0,0.0,14.0,654282.0,4.0,83000.0,0.0
581,24.06,7.0,,34432.0,98.8,,0.0,78.8,19600.0,,93.0,5.0,3.0,0.0,10.0,202427.0,3.0,7700.0,0.0
582,8.82,1.0,,23987.0,0.0,,0.0,40.9,12400.0,,5000.0,3.0,1.0,0.0,8.0,152290.0,0.0,5000.0,0.0
583,13.78,4.0,,118138.0,77.9,,0.0,76.0,22900.0,,4915.0,5.0,4.0,0.0,16.0,130708.0,4.0,22200.0,0.0
584,19.83,5.0,,21750.0,23.5,,0.0,21.5,325400.0,,144865.0,14.0,17.0,0.0,27.0,245221.0,10.0,189300.0,0.0
585,10.27,1.0,,18729.0,40.1,,0.0,32.9,26800.0,,12513.0,8.0,9.0,0.0,14.0,16302.0,7.0,20900.0,0.0
586,13.9,3.0,,0.0,60.0,,0.0,53.9,70600.0,,24761.0,8.0,7.0,0.0,10.0,207796.0,7.0,61900.0,0.0
587,27.49,7.0,,52723.0,90.6,,0.0,79.6,64100.0,,3817.0,8.0,5.0,0.0,15.0,211064.0,4.0,40400.0,0.0
588,25.91,0.0,,27715.0,53.0,,0.0,51.4,78400.0,,35097.0,14.0,15.0,0.0,23.0,51241.0,12.0,74700.0,0.0
589,17.21,1.0,,28280.0,62.6,,0.0,75.7,12700.0,,2540.0,4.0,4.0,0.0,7.0,292688.0,3.0,6800.0,0.0
590,14.74,3.0,,9384.0,28.0,,0.0,34.7,101500.0,,59497.0,7.0,7.0,0.0,13.0,120772.0,5.0,82600.0,0.0
591,9.44,1.0,,0.0,50.5,,0.0,50.5,9100.0,,3518.0,6.0,5.0,0.0,10.0,146053.0,3.0,7100.0,0.0
592,7.18,0.0,,185483.0,28.8,,0.0,25.1,86900.0,,53703.0,6.0,12.0,0.0,20.0,201008.0,5.0,75400.0,0.0
593,4.53,7.0,,8000.0,29.0,,0.0,29.0,4200.0,,2984.0,3.0,3.0,0.0,7.0,379626.0,3.0,4200.0,0.0
594,14.4,0.0,,132946.0,90.5,,0.0,90.5,16000.0,,1525.0,5.0,6.0,0.0,21.0,145382.0,5.0,16000.0,0.0
595,21.55,2.0,,5940.0,79.2,,0.0,55.0,61200.0,,8206.0,6.0,6.0,0.0,13.0,212117.0,4.0,39500.0,0.0
596,26.32,1.0,,90202.0,78.2,,0.0,51.2,33400.0,,2115.0,11.0,5.0,0.0,17.0,262254.0,4.0,9700.0,0.0
597,24.37,0.0,,83817.0,61.0,,735.0,31.3,14100.0,,1872.0,6.0,2.0,0.0,11.0,72743.0,2.0,4800.0,0.0
598,12.25,1.0,,55345.0,16.5,,0.0,14.3,30700.0,,22320.0,3.0,4.0,0.0,9.0,310111.0,3.0,26900.0,0.0
599,22.2,2.0,,71754.0,98.1,,0.0,98.1,42000.0,,798.0,2.0,2.0,0.0,5.0,363794.0,2.0,42000.0,0.0
600,26.48,2.0,,22300.0,96.8,,0.0,95.0,27800.0,,704.0,4.0,3.0,0.0,8.0,178256.0,3.0,21800.0,0.0
601,13.81,0.0,,0.0,88.1,,0.0,88.1,16300.0,,1942.0,2.0,3.0,0.0,3.0,14358.0,2.0,16300.0,0.0
602,11.01,2.0,,28750.0,69.6,,0.0,61.4,25400.0,,6803.0,5.0,6.0,0.0,13.0,103532.0,5.0,22400.0,0.0
603,8.55,0.0,,19087.0,19.7,,0.0,19.7,17100.0,,13731.0,4.0,7.0,0.0,9.0,20432.0,4.0,17100.0,0.0
604,38.42,4.0,,39842.0,26.8,,0.0,32.2,51500.0,,26806.0,7.0,6.0,0.0,11.0,55036.0,5.0,36600.0,0.0
605,15.2,3.0,,20430.0,29.8,,307.0,28.1,16500.0,,7509.0,9.0,5.0,0.0,10.0,19172.0,5.0,10700.0,0.0
606,18.18,3.0,,63538.0,97.8,,0.0,72.0,22100.0,,244.0,5.0,2.0,0.0,8.0,505976.0,2.0,11000.0,0.0
607,22.28,0.0,,10319.0,83.9,,0.0,93.1,17800.0,,1253.0,7.0,6.0,0.0,9.0,20850.0,5.0,7800.0,0.0
608,13.54,5.0,,43203.0,98.8,,0.0,96.5,24600.0,,119.0,4.0,3.0,0.0,7.0,42889.0,3.0,10200.0,0.0
609,17.01,2.0,,25582.0,86.3,,0.0,74.7,26500.0,,2318.0,6.0,3.0,0.0,9.0,36755.0,3.0,16900.0,0.0
610,13.42,4.0,,48812.0,55.8,,150.0,55.8,7700.0,,3407.0,1.0,2.0,0.0,6.0,168248.0,1.0,7700.0,0.0
611,37.73,1.0,,94261.0,99.7,,0.0,92.7,40700.0,,66.0,11.0,5.0,0.0,18.0,102792.0,5.0,24000.0,0.0
612,12.7,0.0,,11315.0,29.1,,0.0,30.2,46100.0,,26444.0,10.0,8.0,0.0,16.0,22263.0,7.0,37300.0,0.0
613,14.12,0.0,,37764.0,30.8,,0.0,27.4,56100.0,,34549.0,5.0,9.0,0.0,18.0,49595.0,5.0,49900.0,0.0
614,26.24,5.0,,24399.0,15.7,,0.0,8.7,9800.0,,3034.0,2.0,2.0,0.0,8.0,14412.0,1.0,3600.0,0.0
615,27.8,4.0,,0.0,67.9,,0.0,65.6,44000.0,,9423.0,7.0,6.0,0.0,12.0,150809.0,4.0,29400.0,0.0
616,23.95,3.0,,197107.0,92.2,,0.0,92.2,44300.0,,1354.0,6.0,3.0,0.0,9.0,412722.0,3.0,17300.0,0.0
617,5.67,6.0,,0.0,21.5,,0.0,18.2,305300.0,,130593.0,6.0,6.0,0.0,13.0,452552.0,5.0,168000.0,0.0
618,25.39,0.0,,0.0,76.7,,0.0,72.0,16000.0,,2473.0,9.0,6.0,0.0,10.0,11524.0,6.0,10600.0,0.0
619,5.94,0.0,,0.0,73.2,,0.0,78.2,15900.0,,2980.0,4.0,3.0,0.0,5.0,12632.0,3.0,11100.0,0.0
620,15.92,2.0,,242219.0,67.6,,0.0,72.6,62800.0,,7884.0,6.0,4.0,0.0,14.0,672783.0,4.0,24300.0,0.0
621,23.84,3.0,,82088.0,76.4,,284.0,73.8,30400.0,,6952.0,5.0,5.0,0.0,11.0,271030.0,5.0,29400.0,0.0
622,23.38,1.0,,27363.0,97.0,,0.0,65.4,10400.0,,176.0,4.0,2.0,0.0,8.0,155414.0,2.0,5800.0,0.0
623,18.66,1.0,,12552.0,85.1,,0.0,78.4,7600.0,,1040.0,4.0,4.0,0.0,7.0,25376.0,4.0,7000.0,0.0
624,31.82,0.0,,61029.0,35.8,,0.0,38.6,21600.0,,9894.0,4.0,2.0,0.0,12.0,41033.0,1.0,15400.0,0.0
625,13.79,3.0,,39333.0,94.0,,0.0,94.0,12000.0,,724.0,1.0,1.0,0.0,4.0,246791.0,1.0,12000.0,0.0
626,6.74,0.0,,124911.0,59.5,,0.0,40.8,44200.0,,12268.0,3.0,5.0,0.0,23.0,142952.0,2.0,30300.0,0.0
627,3.38,7.0,,13099.0,2.1,,0.0,2.1,55500.0,,54338.0,2.0,3.0,0.0,6.0,502620.0,2.0,55500.0,0.0
628,23.52,3.0,,37861.0,72.0,,0.0,62.6,77200.0,,18301.0,9.0,7.0,0.0,13.0,249571.0,6.0,65300.0,0.0
629,10.4,1.0,,5100.0,45.1,,0.0,42.3,24100.0,,11863.0,10.0,11.0,0.0,17.0,178618.0,8.0,21600.0,0.0
630,20.57,2.0,,36049.0,85.6,,0.0,72.1,19400.0,,1538.0,10.0,8.0,0.0,17.0,119387.0,5.0,10700.0,0.0
631,1.32,0.0,,0.0,5.7,,0.0,9.6,50000.0,,41489.0,3.0,5.0,0.0,7.0,4799.0,2.0,44000.0,0.0
632,18.67,0.0,,56622.0,41.5,,2113.0,32.0,20600.0,,7424.0,7.0,6.0,0.0,29.0,54767.0,5.0,12700.0,0.0
633,10.26,1.0,,54009.0,96.0,,0.0,95.0,15500.0,,570.0,4.0,2.0,0.0,8.0,416879.0,2.0,14100.0,0.0
634,26.35,3.0,,36081.0,32.1,,0.0,56.3,51300.0,,9369.0,8.0,4.0,0.0,14.0,111655.0,3.0,13800.0,0.0
635,15.39,0.0,,25110.0,29.9,,0.0,33.5,33100.0,,14310.0,5.0,5.0,0.0,8.0,33182.0,4.0,20400.0,0.0
636,9.66,5.0,,63367.0,63.4,,0.0,57.7,53000.0,,8792.0,5.0,3.0,0.0,13.0,648782.0,2.0,24000.0,0.0
637,19.9,3.0,,19315.0,52.3,,186.0,47.5,34800.0,,8260.0,9.0,5.0,0.0,21.0,28746.0,5.0,17300.0,0.0
638,16.65,4.0,,50179.0,59.4,,0.0,59.4,45200.0,,18367.0,5.0,5.0,0.0,9.0,256442.0,5.0,45200.0,0.0
639,10.97,0.0,,11500.0,4.9,,0.0,19.3,30000.0,,20549.0,4.0,4.0,0.0,9.0,17286.0,3.0,21600.0,0.0
640,16.62,0.0,,25050.0,54.0,,0.0,50.3,23500.0,,8508.0,5.0,4.0,0.0,8.0,27150.0,4.0,18500.0,0.0
641,26.18,0.0,,21000.0,86.3,,0.0,76.9,29100.0,,2979.0,11.0,8.0,0.0,14.0,39631.0,8.0,21800.0,0.0
642,9.68,2.0,,77326.0,15.2,,0.0,15.1,65400.0,,49168.0,4.0,4.0,0.0,14.0,391813.0,3.0,58000.0,0.0
643,10.5,1.0,,8812.0,66.8,,702.0,46.4,9600.0,,166.0,3.0,1.0,0.0,8.0,329530.0,1.0,500.0,0.0
644,20.47,0.0,,10213.0,19.8,,0.0,18.9,35400.0,,25907.0,5.0,5.0,0.0,9.0,15518.0,5.0,34900.0,0.0
645,16.07,2.0,,0.0,15.9,,0.0,15.9,43200.0,,36351.0,2.0,4.0,0.0,6.0,6849.0,2.0,43200.0,0.0
646,20.95,0.0,,21767.0,94.1,,0.0,90.9,11700.0,,669.0,2.0,2.0,0.0,4.0,24054.0,2.0,11300.0,0.0
647,28.49,1.0,,25208.0,93.3,,0.0,86.8,40200.0,,1729.0,17.0,10.0,0.0,18.0,60118.0,10.0,25900.0,0.0
648,25.69,1.0,,40406.0,66.6,,0.0,46.1,11400.0,,1806.0,6.0,3.0,0.0,11.0,132090.0,2.0,5400.0,0.0
649,5.4,8.0,,28421.0,63.7,,0.0,55.7,14500.0,,1017.0,5.0,1.0,0.0,12.0,327323.0,1.0,2800.0,0.0
650,18.0,3.0,,0.0,38.6,,0.0,37.9,31200.0,,18598.0,8.0,9.0,0.0,11.0,11827.0,7.0,30300.0,0.0
651,30.76,2.0,,30677.0,86.4,,0.0,64.9,35700.0,,1241.0,5.0,3.0,0.0,12.0,201114.0,3.0,9100.0,0.0
652,21.94,3.0,,13000.0,97.7,,0.0,97.7,105800.0,,1529.0,5.0,4.0,0.0,8.0,511957.0,4.0,65800.0,0.0
653,8.06,7.0,,52809.0,39.9,,0.0,34.4,62800.0,,21442.0,6.0,4.0,0.0,15.0,457175.0,2.0,35700.0,0.0
654,2.14,0.0,,0.0,95.5,,0.0,95.5,5700.0,,256.0,2.0,3.0,0.0,3.0,5444.0,2.0,5700.0,0.0
655,11.08,0.0,,50044.0,66.4,,0.0,40.0,12700.0,,2014.0,4.0,2.0,0.0,13.0,48818.0,2.0,6000.0,0.0
656,13.8,3.0,,47247.0,74.7,,0.0,67.4,72000.0,,7600.0,8.0,4.0,0.0,12.0,237863.0,3.0,44700.0,0.0
657,14.29,1.0,,10000.0,56.1,,0.0,52.7,19700.0,,8121.0,3.0,4.0,0.0,7.0,20169.0,3.0,18500.0,0.0
658,13.65,0.0,,150629.0,89.5,,9132.0,32.3,13500.0,,315.0,4.0,2.0,0.0,10.0,152096.0,2.0,3000.0,0.0
659,23.12,0.0,,36286.0,45.5,,0.0,37.9,9800.0,,4033.0,8.0,7.0,0.0,15.0,44066.0,6.0,7400.0,0.0
660,20.13,0.0,,47445.0,80.5,,0.0,81.9,14000.0,,2144.0,7.0,5.0,0.0,10.0,53652.0,5.0,11000.0,0.0
661,13.6,0.0,,32125.0,59.5,,0.0,59.5,34500.0,,13971.0,2.0,2.0,0.0,7.0,33078.0,2.0,34500.0,0.0
662,8.74,0.0,,17021.0,89.7,,0.0,70.9,11800.0,,185.0,4.0,2.0,0.0,5.0,18559.0,2.0,1800.0,0.0
663,22.95,0.0,,102029.0,78.0,,0.0,76.4,9600.0,,2066.0,3.0,3.0,0.0,7.0,94707.0,3.0,9400.0,0.0
664,21.75,0.0,,25400.0,60.9,,0.0,50.0,8900.0,,2854.0,3.0,4.0,0.0,8.0,27582.0,3.0,7300.0,0.0
665,16.43,5.0,,84113.0,46.5,,0.0,40.5,42200.0,,19630.0,3.0,5.0,0.0,12.0,415054.0,3.0,36700.0,0.0
666,3.7,0.0,,0.0,64.1,,0.0,62.7,31200.0,,8071.0,6.0,5.0,0.0,9.0,19549.0,4.0,22500.0,0.0
667,22.17,3.0,,53667.0,29.6,,0.0,24.3,98700.0,,75427.0,5.0,4.0,0.0,9.0,59067.0,2.0,87400.0,0.0
668,14.17,0.0,,0.0,100.0,,0.0,100.0,13100.0,,6.0,4.0,4.0,0.0,5.0,20469.0,4.0,13100.0,0.0
669,19.27,2.0,,17357.0,86.9,,0.0,79.7,70400.0,,8129.0,5.0,6.0,0.0,9.0,69636.0,4.0,61900.0,0.0
670,9.96,1.0,,0.0,48.5,,0.0,42.0,26100.0,,4535.0,6.0,4.0,0.0,9.0,10973.0,4.0,8800.0,0.0
671,21.12,3.0,,51991.0,89.8,,0.0,79.4,25900.0,,1172.0,5.0,1.0,0.0,8.0,285934.0,1.0,11500.0,0.0
672,15.25,2.0,,50141.0,49.4,,0.0,49.4,12000.0,,6071.0,2.0,2.0,0.0,8.0,36008.0,2.0,12000.0,0.0
673,5.57,4.0,,0.0,70.0,,84.0,44.3,18800.0,,3355.0,4.0,3.0,0.0,8.0,94058.0,3.0,11200.0,0.0
674,11.63,1.0,,27166.0,75.6,,66.0,67.9,28500.0,,4391.0,8.0,8.0,0.0,13.0,45507.0,5.0,18000.0,0.0
675,7.41,1.0,,25449.0,77.9,,0.0,56.3,40900.0,,5397.0,5.0,3.0,0.0,8.0,220380.0,3.0,24400.0,0.0
676,14.4,0.0,,29870.0,49.1,,0.0,41.9,11300.0,,4883.0,6.0,5.0,0.0,9.0,19413.0,5.0,9600.0,0.0
677,27.25,2.0,,39362.0,96.4,,0.0,58.0,16900.0,,315.0,6.0,3.0,0.0,11.0,228769.0,3.0,8700.0,0.0
678,17.52,1.0,,10000.0,97.6,,0.0,79.0,10100.0,,148.0,8.0,4.0,0.0,10.0,25598.0,4.0,6100.0,0.0
679,6.26,0.0,,45625.0,96.4,,0.0,95.1,13900.0,,441.0,8.0,6.0,0.0,19.0,68360.0,6.0,12400.0,0.0
680,25.15,0.0,,13813.0,95.9,,0.0,81.6,14300.0,,276.0,6.0,4.0,0.0,9.0,21986.0,4.0,6800.0,0.0
681,9.58,5.0,,81840.0,80.1,,0.0,71.8,227800.0,,26339.0,9.0,9.0,0.0,20.0,631193.0,7.0,132400.0,0.0
682,18.12,2.0,,28963.0,28.9,,0.0,24.4,38800.0,,23331.0,7.0,7.0,0.0,11.0,393363.0,7.0,32800.0,0.0
683,21.17,6.0,,38909.0,45.1,,303.0,58.4,27800.0,,8122.0,7.0,4.0,0.0,13.0,145773.0,3.0,14800.0,0.0
684,12.94,0.0,,29113.0,87.7,,209.0,49.3,8000.0,,552.0,4.0,4.0,0.0,6.0,23231.0,4.0,4500.0,0.0
685,21.16,1.0,,52550.0,47.9,,0.0,39.2,22900.0,,9112.0,2.0,3.0,0.0,12.0,140909.0,1.0,17500.0,0.0
686,28.02,1.0,,54081.0,64.8,,1072.0,45.9,28590.0,,3274.0,9.0,2.0,0.0,15.0,293716.0,2.0,9300.0,0.0
687,12.44,0.0,,32998.0,0.0,,0.0,0.0,25500.0,,23992.0,1.0,1.0,0.0,5.0,21575.0,1.0,24000.0,0.0
688,14.25,0.0,,7500.0,30.8,,0.0,25.5,14400.0,,6023.0,4.0,3.0,0.0,9.0,5025.0,2.0,8700.0,0.0
689,14.19,0.0,,39471.0,32.7,,0.0,32.7,12000.0,,8077.0,1.0,1.0,0.0,4.0,31134.0,1.0,12000.0,0.0
690,15.73,4.0,,27243.0,25.3,,1244.0,25.5,8100.0,,3435.0,3.0,4.0,0.0,11.0,92913.0,2.0,4600.0,0.0
691,22.73,0.0,,29743.0,72.0,,0.0,48.8,50900.0,,4455.0,13.0,8.0,0.0,21.0,51575.0,8.0,15900.0,0.0
692,11.07,0.0,,29875.0,28.2,,0.0,28.2,27100.0,,19461.0,2.0,3.0,0.0,5.0,17139.0,2.0,27100.0,0.0
693,16.79,0.0,,37117.0,92.3,,0.0,97.1,15900.0,,453.0,4.0,3.0,0.0,6.0,43822.0,3.0,5900.0,0.0
694,7.67,1.0,,27330.0,68.2,,0.0,68.2,19300.0,,6141.0,1.0,1.0,0.0,3.0,351687.0,1.0,19300.0,0.0
695,24.28,4.0,,46668.0,97.2,,1443.0,66.6,7300.0,,141.0,4.0,4.0,0.0,14.0,45764.0,4.0,5000.0,0.0
696,20.23,2.0,,24631.0,49.1,,0.0,32.7,14800.0,,4891.0,4.0,3.0,0.0,9.0,26102.0,3.0,9600.0,0.0
697,12.87,5.0,,75217.0,69.4,,0.0,76.0,109000.0,,22608.0,4.0,3.0,0.0,9.0,776862.0,3.0,74000.0,0.0
698,19.02,2.0,,30617.0,40.2,,0.0,30.1,33600.0,,9690.0,9.0,6.0,0.0,20.0,220972.0,5.0,16200.0,0.0
699,19.97,1.0,,24693.0,59.8,,0.0,52.2,18200.0,,6397.0,4.0,4.0,0.0,8.0,69361.0,4.0,15900.0,0.0
700,12.73,2.0,,46210.0,56.4,,0.0,36.7,46500.0,,9801.0,9.0,5.0,0.0,18.0,229995.0,3.0,22500.0,0.0
701,38.12,0.0,,14000.0,96.9,,0.0,55.3,16900.0,,134.0,9.0,3.0,0.0,14.0,20030.0,3.0,4300.0,0.0
702,23.47,0.0,,50425.0,95.9,,0.0,93.1,11000.0,,328.0,3.0,2.0,0.0,7.0,57067.0,2.0,8000.0,0.0
703,6.55,4.0,,7201.0,98.7,,0.0,78.4,47300.0,,379.0,6.0,2.0,0.0,8.0,162596.0,2.0,30300.0,0.0
704,14.76,0.0,,13725.0,30.2,,0.0,44.9,31200.0,,11514.0,3.0,2.0,0.0,7.0,20789.0,2.0,16500.0,0.0
705,5.32,4.0,,11000.0,97.5,,0.0,73.1,41000.0,,944.0,3.0,3.0,0.0,8.0,322652.0,3.0,37000.0,0.0
706,24.46,2.0,,13970.0,96.0,,0.0,75.8,223100.0,,498.0,7.0,3.0,0.0,9.0,549422.0,3.0,12600.0,0.0
707,18.34,1.0,,13197.0,81.4,,0.0,77.8,6800.0,,670.0,8.0,5.0,0.0,9.0,12174.0,5.0,3600.0,0.0
708,19.43,0.0,,0.0,10.9,,0.0,24.5,5800.0,,1248.0,3.0,2.0,0.0,4.0,1419.0,1.0,1400.0,0.0
709,16.55,0.0,,17406.0,85.8,,0.0,34.3,23400.0,,1135.0,9.0,3.0,0.0,16.0,17508.0,3.0,8000.0,0.0
710,12.12,0.0,,48766.0,55.5,,0.0,48.3,18700.0,,7261.0,3.0,7.0,0.0,19.0,39867.0,3.0,16300.0,0.0
711,26.17,2.0,,94188.0,99.5,,0.0,99.5,7300.0,,157.0,6.0,6.0,0.0,13.0,76186.0,6.0,7300.0,0.0
712,24.76,7.0,,51628.0,92.2,,413.0,88.3,30300.0,,570.0,5.0,2.0,0.0,11.0,527086.0,2.0,7300.0,0.0
713,24.22,0.0,,82727.0,70.7,,0.0,59.4,22700.0,,4956.0,12.0,8.0,0.0,26.0,94998.0,8.0,16900.0,0.0
714,5.93,0.0,,0.0,40.5,,238.0,27.9,52900.0,,18908.0,7.0,7.0,0.0,16.0,14734.0,4.0,31800.0,0.0
715,16.23,1.0,,15000.0,96.5,,0.0,59.8,24400.0,,409.0,9.0,4.0,0.0,14.0,19941.0,4.0,11800.0,0.0
716,5.59,2.0,,11430.0,89.6,,0.0,70.4,12200.0,,570.0,3.0,2.0,0.0,8.0,94094.0,2.0,5500.0,0.0
717,7.3,1.0,,0.0,90.8,,0.0,64.3,11600.0,,535.0,5.0,2.0,0.0,10.0,7459.0,2.0,5800.0,0.0
718,8.97,0.0,,25523.0,79.8,,0.0,76.7,28200.0,,3684.0,5.0,4.0,0.0,6.0,36260.0,4.0,18200.0,0.0
719,13.73,2.0,,46000.0,53.4,,0.0,53.4,44000.0,,20514.0,5.0,5.0,0.0,8.0,172214.0,5.0,44000.0,0.0
720,29.78,0.0,,30755.0,12.4,,0.0,11.4,57900.0,,45543.0,4.0,5.0,0.0,11.0,31333.0,3.0,52000.0,0.0
721,24.17,2.0,,28000.0,50.5,,0.0,43.7,49500.0,,18627.0,10.0,10.0,0.0,18.0,134690.0,7.0,37600.0,0.0
722,14.4,3.0,,0.0,92.8,,0.0,79.3,38600.0,,1496.0,5.0,3.0,0.0,8.0,143641.0,3.0,20800.0,0.0
723,8.72,2.0,,28600.0,100.5,,0.0,100.5,22000.0,,0.0,1.0,1.0,0.0,4.0,42813.0,1.0,22000.0,0.0
724,19.32,0.0,,25210.0,82.1,,0.0,36.5,10800.0,,857.0,2.0,2.0,0.0,6.0,22900.0,2.0,4800.0,0.0
725,12.99,3.0,,101309.0,95.5,,0.0,54.9,18100.0,,470.0,2.0,2.0,0.0,8.0,389897.0,2.0,10400.0,0.0
726,12.76,1.0,,10749.0,45.0,,0.0,53.1,3100.0,,385.0,6.0,2.0,0.0,9.0,119596.0,2.0,700.0,0.0
727,26.6,2.0,,57338.0,36.2,,0.0,31.6,29000.0,,12123.0,10.0,4.0,0.0,16.0,81420.0,3.0,19000.0,0.0
728,14.13,2.0,,0.0,34.7,,0.0,34.7,73200.0,,47798.0,5.0,6.0,0.0,7.0,160829.0,5.0,73200.0,0.0
729,7.29,0.0,,14600.0,92.1,,452.0,49.9,6100.0,,63.0,3.0,1.0,0.0,5.0,11347.0,1.0,800.0,0.0
730,28.21,3.0,,89207.0,46.6,,0.0,48.8,59400.0,,24559.0,9.0,6.0,0.0,18.0,398067.0,6.0,46000.0,0.0
731,5.51,4.0,,27128.0,0.1,,0.0,0.1,56000.0,,55919.0,1.0,4.0,0.0,7.0,539707.0,1.0,56000.0,0.0
732,24.85,0.0,,36658.0,10.0,,0.0,10.0,114400.0,,90134.0,10.0,12.0,0.0,19.0,37684.0,8.0,100100.0,0.0
733,11.65,4.0,,11177.0,90.3,,0.0,78.6,13600.0,,280.0,8.0,3.0,0.0,10.0,98745.0,3.0,2900.0,0.0
734,0.87,0.0,,0.0,1.9,,1344.0,1.9,4000.0,,3925.0,1.0,2.0,0.0,2.0,75.0,1.0,4000.0,0.0
735,21.0,4.0,,78820.0,59.9,,0.0,56.4,123900.0,,21844.0,14.0,11.0,0.0,23.0,444925.0,10.0,54500.0,0.0
736,6.04,9.0,,0.0,99.4,,0.0,99.4,12000.0,,71.0,3.0,3.0,0.0,5.0,264072.0,3.0,12000.0,0.0
737,14.09,7.0,,108453.0,76.4,,0.0,60.0,25600.0,,4735.0,2.0,3.0,0.0,13.0,238859.0,2.0,20100.0,0.0
738,23.24,0.0,,10000.0,82.5,,0.0,48.0,12000.0,,1138.0,5.0,4.0,0.0,8.0,13378.0,3.0,6500.0,0.0
739,18.42,2.0,,18667.0,92.5,,0.0,92.4,13800.0,,956.0,4.0,3.0,0.0,6.0,27684.0,3.0,12800.0,0.0
740,38.4,0.0,,25094.0,30.3,,5916.0,25.4,34100.0,,10036.0,10.0,4.0,0.0,14.0,24334.0,4.0,14400.0,0.0
741,17.62,1.0,,0.0,73.2,,163.0,64.6,38500.0,,8190.0,7.0,5.0,0.0,8.0,249341.0,5.0,30600.0,0.0
742,17.78,7.0,,35927.0,60.5,,0.0,44.8,23200.0,,3003.0,8.0,4.0,0.0,11.0,36165.0,4.0,7600.0,0.0
743,21.78,6.0,,60833.0,97.2,,0.0,85.6,50871.0,,994.0,8.0,6.0,0.0,15.0,409789.0,6.0,35100.0,0.0
744,6.97,3.0,,13000.0,26.0,,0.0,25.6,10600.0,,4145.0,3.0,2.0,0.0,6.0,206805.0,2.0,5600.0,0.0
745,21.78,2.0,,22157.0,70.9,,0.0,49.0,34600.0,,6234.0,3.0,4.0,0.0,9.0,128203.0,2.0,21400.0,0.0
746,16.37,0.0,,29695.0,99.5,,0.0,90.9,6200.0,,28.0,3.0,2.0,0.0,6.0,19820.0,2.0,5200.0,0.0
747,10.42,1.0,,30343.0,16.0,,0.0,10.8,92000.0,,52100.0,2.0,5.0,0.0,9.0,375431.0,2.0,62000.0,0.0
748,19.47,0.0,,8092.0,89.5,,0.0,26.2,13000.0,,105.0,3.0,1.0,0.0,8.0,7855.0,1.0,1000.0,0.0
749,9.97,0.0,,225704.0,94.7,,0.0,94.7,14000.0,,748.0,2.0,2.0,0.0,5.0,232870.0,2.0,14000.0,0.0
750,36.25,3.0,,20705.0,84.9,,0.0,77.1,92800.0,,11069.0,11.0,6.0,0.0,13.0,84734.0,6.0,73500.0,0.0
751,20.96,1.0,,48172.0,15.9,,1672.0,63.1,19900.0,,4123.0,6.0,3.0,0.0,11.0,102417.0,2.0,4900.0,0.0
752,15.96,5.0,,33322.0,69.2,,334.0,51.9,15200.0,,3417.0,5.0,4.0,0.0,10.0,209799.0,4.0,11100.0,0.0
753,33.57,0.0,,3000.0,54.5,,0.0,49.1,28300.0,,11600.0,4.0,4.0,0.0,9.0,16022.0,4.0,25500.0,0.0
754,7.29,3.0,,22500.0,90.5,,0.0,65.7,4000.0,,237.0,3.0,2.0,0.0,5.0,260166.0,2.0,2500.0,0.0
755,24.93,5.0,,90165.0,82.4,,0.0,82.4,69900.0,,9686.0,3.0,3.0,0.0,8.0,440067.0,3.0,69900.0,0.0
756,9.33,2.0,,38264.0,4.9,,12058.0,4.9,1400.0,,1331.0,1.0,2.0,0.0,4.0,85209.0,1.0,1400.0,0.0
757,15.2,1.0,,8647.0,84.0,,0.0,84.0,10300.0,,1650.0,2.0,2.0,0.0,3.0,13184.0,2.0,10300.0,0.0
758,9.34,3.0,,22452.0,47.2,,2126.0,46.8,13400.0,,5602.0,6.0,5.0,0.0,12.0,356390.0,5.0,10600.0,0.0
759,17.1,0.0,,21315.0,43.8,,0.0,42.9,32700.0,,14373.0,6.0,8.0,0.0,14.0,31604.0,5.0,25200.0,0.0
760,16.29,2.0,,79188.0,21.7,,0.0,21.7,17700.0,,13856.0,5.0,6.0,0.0,9.0,65298.0,5.0,17700.0,0.0
761,15.93,0.0,,0.0,50.2,,0.0,45.6,69600.0,,22589.0,8.0,6.0,0.0,11.0,31743.0,6.0,45400.0,0.0
762,13.92,0.0,,22100.0,73.1,,0.0,59.7,11400.0,,2505.0,4.0,3.0,0.0,8.0,28339.0,3.0,9300.0,0.0
763,20.99,3.0,,57661.0,71.5,,0.0,50.7,95300.0,,4727.0,10.0,4.0,0.0,16.0,375143.0,4.0,16600.0,0.0
764,27.9,0.0,,24920.0,38.5,,0.0,36.7,35000.0,,18145.0,7.0,5.0,0.0,9.0,33075.0,4.0,29500.0,0.0
765,11.61,3.0,,0.0,37.5,,0.0,29.3,136700.0,,61537.0,14.0,11.0,0.0,20.0,392540.0,10.0,98500.0,0.0
766,5.94,2.0,,27486.0,54.3,,0.0,32.8,43400.0,,11557.0,5.0,4.0,0.0,10.0,23109.0,3.0,25300.0,0.0
767,22.86,0.0,,127036.0,51.6,,0.0,39.1,34700.0,,12718.0,3.0,9.0,0.0,21.0,155522.0,3.0,26300.0,0.0
768,11.43,3.0,,0.0,55.3,,0.0,49.7,29900.0,,9206.0,5.0,3.0,0.0,8.0,14852.0,3.0,20600.0,0.0
769,12.66,1.0,,42406.0,85.3,,0.0,83.6,9400.0,,1248.0,4.0,3.0,0.0,6.0,32866.0,3.0,8500.0,0.0
770,15.13,1.0,,0.0,67.7,,0.0,62.7,23400.0,,2263.0,4.0,2.0,0.0,6.0,72770.0,1.0,7000.0,0.0
771,11.49,2.0,,0.0,65.2,,0.0,65.2,3300.0,,1149.0,1.0,2.0,0.0,3.0,115018.0,1.0,3300.0,0.0
772,31.63,0.0,,159837.0,25.5,,0.0,31.8,88800.0,,58054.0,7.0,11.0,0.0,18.0,172507.0,5.0,77900.0,0.0
773,18.57,0.0,,13684.0,70.6,,50.0,43.0,14600.0,,2207.0,3.0,2.0,0.0,8.0,15602.0,1.0,7500.0,0.0
774,14.72,0.0,,32173.0,18.5,,0.0,18.5,2000.0,,1629.0,1.0,1.0,0.0,3.0,24083.0,1.0,2000.0,0.0
775,26.66,4.0,,11127.0,89.1,,0.0,73.3,40000.0,,2881.0,11.0,7.0,0.0,14.0,311647.0,7.0,26500.0,0.0
776,22.78,0.0,,21549.0,89.7,,0.0,84.1,20200.0,,1857.0,10.0,9.0,0.0,13.0,31872.0,8.0,18100.0,0.0
777,9.47,0.0,,39541.0,48.3,,621.0,47.6,33619.0,,17098.0,2.0,5.0,0.0,11.0,35141.0,2.0,33100.0,0.0
778,16.76,3.0,,16010.0,67.1,,0.0,56.1,23600.0,,5667.0,6.0,4.0,0.0,9.0,22919.0,4.0,17200.0,0.0
779,33.53,0.0,,65073.0,0.0,,0.0,0.0,15500.0,,14496.0,1.0,3.0,0.0,8.0,56905.0,1.0,14500.0,0.0
780,19.08,4.0,,56417.0,86.9,,0.0,81.8,31900.0,,1930.0,3.0,2.0,0.0,10.0,333040.0,2.0,14700.0,0.0
781,22.28,0.0,,16148.0,72.0,,858.0,64.5,5900.0,,1428.0,4.0,4.0,0.0,7.0,11505.0,3.0,5100.0,0.0
782,34.8,2.0,,55089.0,91.0,,0.0,74.6,12200.0,,902.0,3.0,3.0,0.0,11.0,114672.0,3.0,10000.0,0.0
783,13.17,5.0,,88005.0,74.1,,0.0,58.0,37600.0,,7482.0,5.0,5.0,0.0,15.0,443416.0,4.0,28900.0,0.0
784,16.6,0.0,,42088.0,46.0,,0.0,37.8,4500.0,,1997.0,4.0,5.0,0.0,11.0,48396.0,4.0,3700.0,0.0
785,9.01,0.0,,0.0,43.8,,0.0,38.4,22500.0,,6914.0,10.0,6.0,0.0,14.0,8640.0,5.0,12300.0,0.0
786,6.77,5.0,,141677.0,37.2,,0.0,29.9,34100.0,,13053.0,7.0,5.0,0.0,15.0,620532.0,5.0,20800.0,0.0
787,9.89,6.0,,38807.0,52.1,,5071.0,37.8,12900.0,,4120.0,5.0,4.0,0.0,9.0,221426.0,4.0,8600.0,0.0
788,25.04,6.0,,63744.0,77.3,,0.0,70.8,84000.0,,14904.0,14.0,10.0,0.0,19.0,407213.0,10.0,65600.0,0.0
789,13.17,0.0,,35916.0,77.8,,0.0,77.2,24600.0,,4909.0,7.0,6.0,0.0,10.0,47371.0,6.0,22100.0,0.0
790,16.32,1.0,,4864.0,76.4,,2789.0,67.6,24500.0,,4479.0,5.0,3.0,0.0,10.0,136797.0,3.0,19000.0,0.0
791,3.1,5.0,,0.0,88.9,,74.0,53.6,4700.0,,177.0,4.0,2.0,0.0,7.0,121664.0,2.0,1600.0,0.0
792,3.34,1.0,,0.0,27.1,,346.0,20.7,13600.0,,2626.0,3.0,3.0,0.0,9.0,129403.0,1.0,3600.0,0.0
793,14.55,0.0,,0.0,53.6,,0.0,49.0,48600.0,,19767.0,8.0,6.0,0.0,8.0,23793.0,6.0,42600.0,0.0
794,7.94,0.0,,72546.0,45.5,,0.0,38.3,26900.0,,12306.0,3.0,4.0,0.0,12.0,84953.0,3.0,22600.0,0.0
795,10.01,2.0,,14523.0,72.2,,0.0,52.2,8300.0,,834.0,6.0,2.0,0.0,9.0,119629.0,2.0,3000.0,0.0
796,20.91,5.0,,30593.0,97.8,,190.0,97.8,3000.0,,66.0,1.0,1.0,0.0,4.0,195930.0,1.0,3000.0,0.0
797,21.54,0.0,,10000.0,97.1,,0.0,53.6,7100.0,,58.0,7.0,1.0,0.0,11.0,13269.0,1.0,2000.0,0.0
798,11.24,0.0,,21252.0,28.8,,0.0,24.9,36400.0,,20423.0,5.0,4.0,0.0,8.0,20403.0,4.0,28700.0,0.0
799,21.2,5.0,,102018.0,92.1,,0.0,84.9,105100.0,,4400.0,15.0,10.0,0.0,22.0,315594.0,10.0,55900.0,0.0
800,12.58,2.0,,16294.0,22.6,,0.0,24.5,17000.0,,12764.0,4.0,3.0,0.0,6.0,205853.0,3.0,16500.0,0.0
801,10.89,3.0,,75257.0,58.9,,0.0,46.6,29500.0,,7766.0,7.0,7.0,0.0,14.0,435648.0,5.0,18900.0,0.0
802,15.76,4.0,,189001.0,71.6,,0.0,64.4,201229.0,,39404.0,7.0,9.0,0.0,25.0,394785.0,6.0,182129.0,0.0
803,15.2,3.0,,25932.0,83.4,,0.0,51.2,13500.0,,831.0,3.0,3.0,0.0,10.0,12314.0,1.0,5000.0,0.0
804,29.15,0.0,,49655.0,101.6,,0.0,78.2,19400.0,,0.0,6.0,3.0,0.0,11.0,66010.0,3.0,12100.0,0.0
805,14.28,0.0,,20552.0,70.2,,0.0,70.2,22000.0,,6565.0,3.0,3.0,0.0,4.0,21715.0,3.0,22000.0,0.0
806,33.71,0.0,,12970.0,21.8,,0.0,21.3,43500.0,,30960.0,16.0,14.0,0.0,19.0,19859.0,13.0,39600.0,0.0
807,17.56,0.0,,133850.0,58.2,,0.0,46.0,33900.0,,10419.0,5.0,6.0,0.0,12.0,143650.0,4.0,24900.0,0.0
808,23.87,0.0,,40377.0,93.8,,0.0,72.4,16600.0,,784.0,4.0,3.0,0.0,8.0,45145.0,3.0,12700.0,0.0
809,16.46,1.0,,36736.0,37.8,,0.0,37.5,46700.0,,23205.0,6.0,5.0,0.0,14.0,186005.0,4.0,37300.0,0.0
810,8.54,3.0,,0.0,89.8,,0.0,89.0,18100.0,,1639.0,3.0,3.0,0.0,6.0,102334.0,2.0,16100.0,0.0
811,6.18,1.0,,21542.0,11.4,,0.0,4.5,22000.0,,1771.0,3.0,3.0,0.0,14.0,157603.0,1.0,2000.0,0.0
812,2.23,10.0,,0.0,90.1,,0.0,90.1,28400.0,,2853.0,5.0,5.0,0.0,8.0,829217.0,5.0,28400.0,0.0
813,20.36,3.0,,42912.0,78.0,,0.0,66.2,56300.0,,10278.0,6.0,6.0,0.0,13.0,80189.0,5.0,46700.0,0.0
814,25.53,9.0,,241784.0,9.8,,0.0,9.8,1800.0,,1624.0,1.0,2.0,0.0,9.0,445269.0,1.0,1800.0,0.0
815,34.28,1.0,,62383.0,,,0.0,86.1,10500.0,,,2.0,0.0,0.0,7.0,258451.0,0.0,0.0,0.0
816,17.96,2.0,,29846.0,96.5,,0.0,62.6,1000.0,,14.0,2.0,1.0,0.0,4.0,24856.0,1.0,400.0,1.0
817,13.08,0.0,,10837.0,75.5,,0.0,64.4,19600.0,,3647.0,11.0,7.0,0.0,15.0,23566.0,7.0,14900.0,0.0
818,29.02,1.0,,44507.0,49.5,,1491.0,42.3,53300.0,,7267.0,6.0,5.0,0.0,17.0,251196.0,3.0,20300.0,0.0
819,32.1,0.0,,80775.0,30.3,,0.0,39.1,45500.0,,23615.0,5.0,7.0,0.0,16.0,103589.0,3.0,33900.0,0.0
820,9.96,3.0,,0.0,47.5,,0.0,44.4,71000.0,,32306.0,7.0,6.0,0.0,11.0,308907.0,5.0,61500.0,0.0
821,9.93,2.0,,48882.0,23.5,,0.0,23.5,92400.0,,70644.0,4.0,9.0,0.0,12.0,238248.0,4.0,92400.0,0.0
822,13.7,2.0,,39172.0,66.1,,0.0,61.2,58600.0,,13578.0,7.0,8.0,0.0,14.0,338348.0,5.0,40100.0,0.0
823,20.08,1.0,,50632.0,91.9,,0.0,91.8,11200.0,,749.0,5.0,4.0,0.0,11.0,163992.0,4.0,9200.0,0.0
824,15.84,0.0,,41805.0,60.0,,98.0,54.2,70800.0,,20938.0,9.0,8.0,0.0,13.0,77418.0,7.0,64700.0,0.0
825,20.87,0.0,,67982.0,42.7,,0.0,40.7,98100.0,,46588.0,20.0,19.0,0.0,29.0,101467.0,17.0,81300.0,0.0
826,6.47,0.0,,6703.0,62.5,,0.0,49.1,15600.0,,3596.0,6.0,3.0,0.0,7.0,11485.0,3.0,9600.0,0.0
827,17.76,2.0,,8550.0,68.2,,0.0,60.2,17500.0,,4828.0,5.0,4.0,0.0,7.0,185664.0,4.0,15200.0,0.0
828,29.33,0.0,,81600.0,35.5,,0.0,37.8,29000.0,,10713.0,8.0,5.0,0.0,17.0,70046.0,5.0,16600.0,0.0
829,2.58,0.0,,1476.0,18.2,,690.0,18.2,2900.0,,2371.0,1.0,3.0,0.0,5.0,1646.0,1.0,2900.0,0.0
830,12.11,1.0,,53185.0,57.7,,0.0,57.7,53200.0,,22525.0,5.0,6.0,0.0,11.0,63571.0,5.0,53200.0,0.0
831,37.03,0.0,,179678.0,83.6,,0.0,83.6,18200.0,,2983.0,2.0,2.0,0.0,9.0,158380.0,2.0,18200.0,0.0
832,23.6,1.0,,144820.0,100.5,,0.0,80.1,43900.0,,0.0,6.0,3.0,0.0,15.0,170746.0,3.0,24000.0,0.0
833,11.95,1.0,,18398.0,83.0,,0.0,76.3,16300.0,,2293.0,6.0,6.0,0.0,11.0,165247.0,5.0,13500.0,0.0
834,18.42,0.0,,24476.0,95.2,,0.0,57.0,30500.0,,211.0,6.0,3.0,0.0,10.0,29640.0,2.0,4400.0,0.0
835,26.57,2.0,,48882.0,69.6,,0.0,69.1,19200.0,,4129.0,8.0,4.0,0.0,13.0,325315.0,4.0,13600.0,0.0
836,31.28,4.0,,11521.0,84.6,,0.0,84.4,28300.0,,3436.0,10.0,9.0,0.0,16.0,127924.0,7.0,22300.0,0.0
837,17.21,0.0,,30258.0,72.9,,0.0,65.5,24400.0,,5120.0,6.0,5.0,0.0,9.0,20607.0,4.0,18900.0,0.0
838,25.59,0.0,,82809.0,30.7,,0.0,32.3,161300.0,,105748.0,12.0,14.0,0.0,19.0,97916.0,11.0,152700.0,0.0
839,35.4,0.0,,39104.0,42.8,,129.0,51.6,1700.0,,686.0,2.0,2.0,0.0,14.0,49864.0,1.0,1200.0,0.0
840,16.72,0.0,,38986.0,40.4,,0.0,40.4,39300.0,,23421.0,6.0,10.0,0.0,17.0,58037.0,6.0,39300.0,0.0
841,19.02,3.0,,50906.0,16.8,,0.0,10.5,25600.0,,13224.0,2.0,5.0,0.0,10.0,40437.0,2.0,15900.0,0.0
842,22.11,2.0,,18795.0,61.3,,8039.0,67.0,46200.0,,7858.0,4.0,2.0,0.0,12.0,176621.0,1.0,20300.0,0.0
843,15.43,4.0,,19588.0,93.7,,134.0,83.5,22400.0,,753.0,8.0,4.0,0.0,12.0,278590.0,4.0,12000.0,0.0
844,30.89,0.0,,98849.0,66.3,,0.0,63.1,33000.0,,10013.0,9.0,8.0,0.0,27.0,127143.0,7.0,29700.0,0.0
845,17.05,2.0,,187659.0,86.9,,2797.0,51.4,6600.0,,431.0,6.0,5.0,0.0,20.0,467023.0,5.0,3300.0,0.0
846,10.18,5.0,,0.0,69.3,,0.0,68.6,90600.0,,27528.0,6.0,8.0,0.0,12.0,760364.0,6.0,89700.0,0.0
847,26.43,3.0,,93381.0,97.2,,0.0,79.2,18500.0,,421.0,5.0,4.0,0.0,9.0,84126.0,4.0,15000.0,0.0
848,26.1,3.0,,70872.0,16.3,,0.0,35.8,61300.0,,14639.0,8.0,3.0,0.0,13.0,426860.0,3.0,17500.0,0.0
849,35.22,0.0,,103678.0,1.3,,0.0,9.0,61000.0,,36037.0,3.0,12.0,0.0,23.0,96742.0,2.0,36500.0,0.0
850,7.0,1.0,,54563.0,23.6,,1956.0,24.6,37800.0,,18268.0,5.0,7.0,0.0,24.0,155996.0,4.0,23900.0,0.0
851,15.61,0.0,,91229.0,52.0,,0.0,47.5,59000.0,,24420.0,6.0,5.0,0.0,10.0,87416.0,5.0,50900.0,0.0
852,23.4,3.0,,60045.0,83.4,,0.0,80.0,26400.0,,2488.0,7.0,5.0,0.0,14.0,201008.0,4.0,15000.0,0.0
853,6.51,2.0,,3000.0,91.3,,0.0,81.1,26500.0,,1049.0,6.0,3.0,0.0,9.0,161374.0,2.0,12000.0,0.0
854,36.45,2.0,,68515.0,30.4,,0.0,33.3,41000.0,,22050.0,4.0,3.0,0.0,10.0,51268.0,1.0,31700.0,0.0
855,22.29,0.0,,31900.0,99.2,,0.0,79.2,20200.0,,114.0,7.0,5.0,0.0,12.0,30313.0,5.0,13500.0,0.0
856,20.59,2.0,,65591.0,36.4,,0.0,31.2,99900.0,,44424.0,13.0,12.0,0.0,28.0,343544.0,7.0,69800.0,0.0
857,16.87,0.0,,0.0,62.9,,0.0,61.6,42400.0,,15399.0,5.0,7.0,0.0,8.0,26101.0,5.0,41500.0,0.0
858,21.23,0.0,,23833.0,68.8,,0.0,65.4,9300.0,,531.0,5.0,2.0,0.0,15.0,30571.0,1.0,1700.0,0.0
859,15.84,1.0,,114291.0,58.4,,0.0,29.4,42900.0,,6568.0,3.0,3.0,0.0,29.0,161953.0,2.0,15800.0,0.0
860,22.66,3.0,,52358.0,45.8,,0.0,38.1,59600.0,,19456.0,14.0,10.0,0.0,32.0,151849.0,6.0,35900.0,0.0
861,5.36,1.0,,18812.0,99.2,,0.0,82.2,9300.0,,56.0,2.0,2.0,0.0,11.0,180721.0,1.0,7000.0,0.0
862,18.5,1.0,,35179.0,69.5,,0.0,66.4,19200.0,,3296.0,4.0,3.0,0.0,10.0,32713.0,3.0,10800.0,0.0
863,10.36,1.0,,15027.0,53.5,,0.0,22.6,10000.0,,1536.0,4.0,2.0,0.0,8.0,154808.0,2.0,3300.0,0.0
864,26.24,2.0,,48050.0,70.9,,0.0,39.8,29500.0,,3896.0,7.0,6.0,0.0,18.0,53997.0,3.0,13400.0,0.0
865,37.59,4.0,,48142.0,58.9,,0.0,40.2,39700.0,,5386.0,7.0,5.0,0.0,18.0,237978.0,4.0,13100.0,0.0
866,15.41,0.0,,7325.0,39.3,,0.0,33.0,48800.0,,24896.0,4.0,9.0,0.0,14.0,19806.0,4.0,41000.0,0.0
867,9.04,0.0,,21625.0,101.1,,0.0,86.8,30400.0,,0.0,7.0,7.0,0.0,9.0,46920.0,7.0,26100.0,0.0
868,21.86,0.0,,0.0,81.7,,0.0,62.3,34500.0,,4777.0,6.0,6.0,0.0,12.0,21711.0,5.0,26100.0,0.0
869,4.27,1.0,,0.0,73.5,,0.0,56.9,5300.0,,979.0,2.0,1.0,0.0,3.0,3016.0,1.0,3700.0,0.0
870,10.45,2.0,,40284.0,48.9,,167.0,37.5,33100.0,,10328.0,11.0,8.0,0.0,16.0,63960.0,7.0,20200.0,0.0
871,9.67,0.0,,67997.0,89.2,,0.0,61.0,15600.0,,1029.0,5.0,4.0,0.0,10.0,75588.0,3.0,9500.0,0.0
872,4.57,5.0,,16726.0,56.8,,1057.0,42.5,28100.0,,5180.0,12.0,7.0,0.0,17.0,473636.0,6.0,12000.0,0.0
873,6.27,3.0,,19187.0,62.5,,2812.0,58.1,9800.0,,3410.0,5.0,6.0,0.0,11.0,174797.0,5.0,9100.0,0.0
874,21.33,6.0,,192689.0,79.5,,0.0,74.7,53900.0,,6865.0,9.0,5.0,0.0,17.0,734202.0,3.0,27300.0,0.0
875,14.14,1.0,,49962.0,95.9,,0.0,80.4,24500.0,,842.0,4.0,3.0,0.0,13.0,136053.0,3.0,20500.0,0.0
876,19.74,0.0,,19138.0,97.3,,0.0,92.0,5500.0,,138.0,2.0,2.0,0.0,4.0,22359.0,2.0,5200.0,0.0
877,16.48,0.0,,27000.0,78.4,,0.0,78.4,11700.0,,2532.0,5.0,5.0,0.0,6.0,10297.0,5.0,11700.0,0.0
878,16.38,4.0,,41255.0,84.1,,0.0,40.6,9900.0,,476.0,2.0,1.0,0.0,8.0,154695.0,1.0,3000.0,0.0
879,6.01,0.0,,26633.0,63.5,,0.0,63.9,12700.0,,4345.0,4.0,3.0,0.0,11.0,39210.0,3.0,11900.0,0.0
880,20.49,3.0,,20539.0,97.8,,0.0,60.7,11300.0,,84.0,7.0,3.0,0.0,9.0,23859.0,3.0,3900.0,0.0
881,11.48,0.0,,55895.0,22.4,,0.0,22.4,31200.0,,24200.0,2.0,4.0,0.0,14.0,64027.0,2.0,31200.0,0.0
882,18.24,0.0,,163690.0,32.2,,0.0,28.6,33500.0,,13703.0,9.0,8.0,0.0,25.0,169952.0,5.0,20200.0,0.0
883,13.67,0.0,,10500.0,21.5,,0.0,26.4,62700.0,,43344.0,7.0,8.0,0.0,12.0,23882.0,5.0,55200.0,0.0
884,39.34,0.0,,46481.0,97.9,,0.0,97.9,8000.0,,167.0,1.0,1.0,0.0,12.0,44383.0,1.0,8000.0,0.0
885,14.04,2.0,,0.0,38.7,,0.0,38.7,58800.0,,36070.0,7.0,9.0,0.0,10.0,141371.0,7.0,58800.0,0.0
886,10.14,4.0,,49135.0,45.7,,0.0,21.1,6500.0,,1629.0,1.0,2.0,0.0,8.0,294065.0,1.0,3000.0,0.0
887,18.94,0.0,,40098.0,64.9,,0.0,51.0,15000.0,,4105.0,2.0,3.0,0.0,6.0,44605.0,1.0,11700.0,0.0
888,12.29,1.0,,30066.0,44.7,,0.0,43.5,223800.0,,28188.0,4.0,6.0,0.0,10.0,331645.0,3.0,72700.0,0.0
889,5.41,0.0,,0.0,68.4,,0.0,66.6,23000.0,,7073.0,4.0,5.0,0.0,7.0,15327.0,4.0,22400.0,0.0
890,21.58,3.0,,20000.0,47.0,,0.0,39.2,52800.0,,23322.0,4.0,4.0,0.0,6.0,37908.0,4.0,44000.0,0.0
891,4.78,5.0,,17536.0,86.2,,0.0,64.8,20100.0,,2082.0,3.0,4.0,0.0,8.0,18903.0,3.0,15100.0,0.0
892,7.77,1.0,,10912.0,,,0.0,63.9,3800.0,,,3.0,0.0,0.0,5.0,8181.0,0.0,0.0,0.0
893,23.93,0.0,,88312.0,74.4,,0.0,74.4,19500.0,,4984.0,6.0,6.0,0.0,9.0,92658.0,6.0,19500.0,0.0
894,16.14,7.0,,15000.0,34.3,,0.0,23.6,43000.0,,17595.0,5.0,6.0,0.0,16.0,384769.0,4.0,26800.0,0.0
895,13.76,1.0,,63092.0,110.3,,0.0,110.3,29400.0,,0.0,4.0,4.0,0.0,8.0,659523.0,4.0,29400.0,0.0
896,23.18,2.0,,123835.0,75.5,,194.0,55.9,13600.0,,932.0,8.0,3.0,0.0,15.0,262330.0,3.0,3800.0,0.0
897,25.06,0.0,,22332.0,87.2,,0.0,83.4,15800.0,,1634.0,5.0,3.0,0.0,6.0,32106.0,3.0,12800.0,0.0
898,26.2,7.0,,43883.0,40.6,,0.0,47.6,100600.0,,48167.0,6.0,6.0,0.0,13.0,245722.0,4.0,81100.0,0.0
899,11.75,4.0,,14053.0,77.7,,1050.0,40.3,12700.0,,178.0,5.0,1.0,0.0,10.0,109713.0,1.0,800.0,0.0
900,18.94,3.0,,42659.0,61.0,,0.0,55.4,82900.0,,26654.0,6.0,6.0,0.0,15.0,234040.0,4.0,68400.0,0.0
901,6.75,0.0,,13930.0,51.9,,0.0,50.9,17700.0,,5864.0,9.0,7.0,0.0,18.0,16314.0,6.0,12200.0,0.0
902,22.97,0.0,,31760.0,81.0,,0.0,82.0,86600.0,,38511.0,5.0,4.0,0.0,7.0,75016.0,4.0,81600.0,0.0
903,11.29,0.0,,0.0,55.6,,0.0,38.4,17900.0,,3907.0,8.0,6.0,0.0,15.0,6872.0,4.0,8800.0,0.0
904,18.33,7.0,,76455.0,98.9,,0.0,83.1,13700.0,,91.0,5.0,3.0,0.0,14.0,356948.0,2.0,8000.0,1.0
905,17.16,1.0,,33000.0,38.6,,0.0,39.4,53900.0,,26208.0,7.0,6.0,0.0,12.0,151408.0,5.0,42700.0,0.0
906,12.1,2.0,,18210.0,46.5,,0.0,46.7,23500.0,,7496.0,4.0,2.0,0.0,7.0,176926.0,2.0,14000.0,0.0
907,18.24,2.0,,17273.0,91.0,,0.0,68.5,59900.0,,3296.0,9.0,6.0,0.0,16.0,202837.0,6.0,36600.0,0.0
908,17.39,2.0,,22810.0,76.2,,0.0,36.1,15400.0,,1734.0,2.0,2.0,0.0,7.0,21392.0,2.0,7300.0,0.0
909,17.91,7.0,,0.0,66.0,,0.0,48.0,40100.0,,7080.0,9.0,5.0,0.0,10.0,264167.0,5.0,20800.0,0.0
910,21.6,0.0,,59338.0,75.8,,0.0,55.8,26700.0,,1837.0,10.0,4.0,0.0,16.0,42709.0,4.0,7600.0,0.0
911,10.67,1.0,,111947.0,24.4,,0.0,24.4,39100.0,,26776.0,3.0,4.0,0.0,15.0,420558.0,2.0,35400.0,0.0
912,23.24,5.0,,0.0,99.6,,0.0,101.0,108100.0,,0.0,6.0,4.0,0.0,9.0,493966.0,4.0,77700.0,0.0
913,15.21,5.0,,76757.0,84.1,,0.0,72.9,25500.0,,3043.0,6.0,5.0,0.0,18.0,467058.0,3.0,19100.0,0.0
914,16.57,9.0,,74162.0,31.0,,0.0,29.8,165500.0,,26920.0,4.0,4.0,0.0,11.0,373658.0,3.0,39000.0,0.0
915,9.11,3.0,,72029.0,92.4,,0.0,81.1,29700.0,,3422.0,5.0,6.0,0.0,12.0,412596.0,4.0,20700.0,0.0
916,19.2,0.0,,16566.0,91.6,,0.0,59.4,17100.0,,702.0,11.0,6.0,0.0,14.0,21718.0,6.0,8400.0,0.0
917,26.85,3.0,,32774.0,85.9,,0.0,70.5,52300.0,,2941.0,7.0,4.0,0.0,15.0,225024.0,3.0,20800.0,0.0
918,18.73,0.0,,135568.0,54.8,,0.0,54.0,39300.0,,17476.0,6.0,6.0,0.0,10.0,151536.0,6.0,38700.0,0.0
919,18.91,1.0,,50996.0,49.2,,0.0,37.5,9400.0,,203.0,6.0,1.0,0.0,11.0,143726.0,1.0,400.0,0.0
920,11.96,5.0,,21465.0,80.5,,0.0,70.9,99900.0,,17180.0,6.0,7.0,0.0,16.0,644187.0,6.0,88000.0,0.0
921,26.88,0.0,,0.0,99.9,,0.0,99.9,36900.0,,24.0,6.0,4.0,0.0,7.0,39336.0,4.0,30900.0,0.0
922,15.63,1.0,,0.0,68.7,,0.0,54.1,48800.0,,11398.0,6.0,5.0,0.0,11.0,211744.0,4.0,36400.0,0.0
923,21.08,5.0,,12829.0,91.3,,0.0,69.8,58500.0,,3401.0,7.0,4.0,0.0,12.0,240558.0,4.0,39000.0,0.0
924,10.45,0.0,,46027.0,98.7,,0.0,61.3,6300.0,,48.0,3.0,1.0,0.0,15.0,41706.0,1.0,3600.0,0.0
925,7.57,5.0,,5000.0,26.1,,0.0,16.3,27300.0,,11232.0,7.0,4.0,0.0,12.0,8044.0,4.0,15200.0,0.0
926,10.91,0.0,,17000.0,6.9,,0.0,3.1,21100.0,,8753.0,3.0,4.0,0.0,10.0,17026.0,3.0,9400.0,0.0
927,22.71,1.0,,76160.0,21.3,,0.0,19.4,52900.0,,25098.0,5.0,6.0,0.0,18.0,181299.0,2.0,31900.0,0.0
928,13.53,0.0,,28717.0,81.2,,0.0,74.6,36500.0,,6285.0,4.0,7.0,0.0,11.0,46067.0,4.0,33500.0,0.0
929,5.08,4.0,,0.0,18.1,,1010.0,19.6,22100.0,,15639.0,8.0,8.0,0.0,13.0,299951.0,7.0,19100.0,0.0
930,8.26,2.0,,0.0,73.4,,755.0,34.0,21600.0,,797.0,5.0,2.0,0.0,9.0,110892.0,2.0,3000.0,0.0
931,23.06,6.0,,82980.0,37.5,,0.0,37.1,118500.0,,72492.0,7.0,11.0,0.0,18.0,305499.0,6.0,116000.0,0.0
932,21.88,3.0,,23007.0,47.0,,0.0,44.7,85900.0,,38872.0,10.0,10.0,0.0,17.0,310346.0,9.0,73400.0,0.0
933,15.61,0.0,,92543.0,50.9,,0.0,40.4,31500.0,,12287.0,3.0,4.0,0.0,11.0,109003.0,3.0,25000.0,0.0
934,11.49,2.0,,18824.0,102.9,,0.0,51.4,3000.0,,0.0,1.0,1.0,0.0,5.0,17665.0,1.0,1500.0,0.0
935,11.48,8.0,,13392.0,27.3,,0.0,27.6,61900.0,,39132.0,11.0,7.0,0.0,16.0,316599.0,7.0,53800.0,0.0
936,23.36,2.0,,56433.0,1.4,,930.0,18.6,16100.0,,5029.0,2.0,3.0,439.0,10.0,44658.0,1.0,5100.0,1.0
937,13.0,0.0,,13230.0,25.8,,0.0,25.8,37800.0,,28059.0,2.0,9.0,0.0,14.0,20842.0,2.0,37800.0,0.0
938,10.73,2.0,,50430.0,0.0,,0.0,71.4,22200.0,,500.0,1.0,1.0,0.0,8.0,410645.0,0.0,500.0,0.0
939,29.05,0.0,,68556.0,94.7,,0.0,70.5,18600.0,,695.0,9.0,8.0,0.0,11.0,72887.0,8.0,13100.0,0.0
940,12.88,4.0,,54146.0,99.2,,0.0,98.7,137900.0,,294.0,6.0,4.0,0.0,15.0,325163.0,4.0,37600.0,0.0
941,14.46,0.0,,19504.0,21.5,,1309.0,22.1,22800.0,,12087.0,7.0,5.0,0.0,13.0,16463.0,4.0,15400.0,0.0
942,16.7,0.0,,31003.0,86.2,,104.0,62.7,4400.0,,385.0,4.0,2.0,0.0,6.0,28844.0,2.0,2800.0,0.0
943,15.63,4.0,,29266.0,79.3,,0.0,45.6,19200.0,,1866.0,6.0,5.0,0.0,8.0,24528.0,5.0,9000.0,0.0
944,19.02,2.0,,22177.0,82.3,,407.0,53.5,37900.0,,4348.0,7.0,6.0,0.0,13.0,204440.0,6.0,24500.0,0.0
945,5.93,0.0,,0.0,50.6,,0.0,48.8,30300.0,,14321.0,3.0,2.0,0.0,4.0,15797.0,2.0,29000.0,0.0
946,16.91,1.0,,60295.0,23.5,,0.0,45.6,42900.0,,13390.0,4.0,6.0,0.0,13.0,196624.0,3.0,17500.0,0.0
947,23.17,2.0,,44567.0,68.0,,281.0,56.9,56400.0,,14270.0,8.0,7.0,0.0,15.0,175536.0,7.0,44600.0,0.0
948,14.4,2.0,,67366.0,73.0,,0.0,67.6,231600.0,,23053.0,16.0,11.0,0.0,23.0,819257.0,11.0,111700.0,0.0
949,9.96,0.0,,21500.0,73.4,,0.0,47.0,30000.0,,4860.0,8.0,7.0,0.0,16.0,33671.0,6.0,18300.0,0.0
950,20.07,2.0,,16025.0,76.0,,0.0,49.5,8200.0,,1080.0,8.0,6.0,0.0,11.0,16746.0,6.0,4500.0,0.0
951,7.87,0.0,,23853.0,81.2,,0.0,57.3,15600.0,,1016.0,7.0,3.0,0.0,8.0,26985.0,3.0,5400.0,0.0
952,16.69,1.0,,23275.0,47.2,,0.0,39.1,45300.0,,19784.0,5.0,5.0,0.0,9.0,143785.0,5.0,37500.0,0.0
953,19.2,7.0,,1000.0,52.9,,0.0,67.1,45800.0,,10182.0,5.0,4.0,0.0,10.0,162710.0,2.0,21600.0,0.0
954,24.55,3.0,,10373.0,84.4,,0.0,79.9,68800.0,,1920.0,5.0,2.0,0.0,8.0,263673.0,2.0,12300.0,0.0
955,22.57,4.0,,86713.0,87.0,,0.0,69.4,33600.0,,2658.0,4.0,2.0,0.0,12.0,318926.0,2.0,20400.0,0.0
956,24.9,0.0,,88946.0,71.2,,0.0,61.5,24500.0,,5896.0,8.0,9.0,0.0,18.0,99521.0,7.0,20500.0,0.0
957,28.94,0.0,,25763.0,85.0,,0.0,64.8,13100.0,,840.0,2.0,1.0,0.0,4.0,27855.0,1.0,5600.0,0.0
958,29.05,0.0,,10054.0,99.1,,0.0,99.7,12200.0,,81.0,5.0,3.0,0.0,6.0,22299.0,3.0,9200.0,0.0
959,24.71,3.0,,160976.0,56.2,,0.0,51.0,36800.0,,11246.0,6.0,4.0,0.0,11.0,211339.0,4.0,25700.0,0.0
960,21.84,0.0,,29169.0,94.7,,0.0,78.5,13100.0,,301.0,6.0,3.0,0.0,11.0,31659.0,3.0,5700.0,0.0
961,26.34,1.0,,43872.0,93.7,,57.0,93.7,4800.0,,303.0,5.0,5.0,0.0,7.0,45274.0,5.0,4800.0,0.0
962,36.68,5.0,,108569.0,100.3,,0.0,89.5,30100.0,,0.0,6.0,4.0,0.0,18.0,158262.0,4.0,18300.0,0.0
963,16.52,7.0,,48706.0,77.4,,0.0,66.6,98100.0,,14795.0,14.0,9.0,0.0,20.0,270400.0,8.0,65400.0,0.0
964,26.07,10.0,,63554.0,33.3,,0.0,32.6,230900.0,,152700.0,10.0,10.0,0.0,20.0,521955.0,9.0,223500.0,0.0
965,15.08,0.0,,14000.0,42.7,,0.0,42.7,29500.0,,16900.0,1.0,4.0,0.0,5.0,20783.0,1.0,29500.0,0.0
966,15.89,1.0,,40044.0,91.9,,0.0,71.0,22200.0,,601.0,4.0,3.0,0.0,9.0,44576.0,3.0,7400.0,0.0
967,20.41,2.0,,64053.0,71.0,,0.0,46.8,42500.0,,7143.0,9.0,6.0,0.0,18.0,193145.0,5.0,24600.0,0.0
968,0.63,3.0,,0.0,47.6,,0.0,3.4,13800.0,,524.0,1.0,1.0,0.0,5.0,476.0,1.0,1000.0,0.0
969,14.36,0.0,,19500.0,19.9,,0.0,19.9,29900.0,,23138.0,4.0,4.0,0.0,10.0,23998.0,3.0,28900.0,0.0
970,16.67,3.0,,79251.0,71.1,,0.0,56.8,41500.0,,7476.0,6.0,7.0,0.0,22.0,87931.0,4.0,25900.0,0.0
971,9.93,6.0,,6000.0,80.5,,0.0,73.3,22100.0,,3030.0,10.0,7.0,0.0,13.0,123685.0,7.0,15500.0,0.0
972,24.95,0.0,,49625.0,54.4,,0.0,43.0,99600.0,,35549.0,9.0,9.0,0.0,18.0,64724.0,7.0,77900.0,0.0
973,10.04,3.0,,17214.0,87.0,,0.0,71.4,30600.0,,3265.0,4.0,4.0,0.0,10.0,530159.0,4.0,25100.0,0.0
974,23.17,8.0,,25965.0,53.7,,0.0,62.6,53100.0,,7267.0,13.0,5.0,0.0,24.0,291540.0,5.0,15700.0,0.0
975,6.68,5.0,,41465.0,4.0,,0.0,3.7,58200.0,,33604.0,4.0,4.0,0.0,12.0,154169.0,2.0,35000.0,0.0
976,10.91,1.0,,32039.0,0.0,,0.0,0.0,67500.0,,28000.0,0.0,2.0,0.0,8.0,60101.0,0.0,28000.0,0.0
977,9.17,3.0,,0.0,54.7,,0.0,45.2,92600.0,,34541.0,8.0,11.0,0.0,22.0,357727.0,7.0,76200.0,0.0
978,2.08,2.0,,0.0,74.7,,141.0,54.1,16400.0,,2990.0,5.0,3.0,0.0,7.0,8877.0,3.0,11800.0,0.0
979,35.84,0.0,,42619.0,66.6,,0.0,52.1,22100.0,,5782.0,3.0,3.0,0.0,9.0,46838.0,3.0,17300.0,0.0
980,29.4,0.0,,31000.0,74.6,,0.0,62.8,26800.0,,5577.0,9.0,7.0,0.0,14.0,42388.0,7.0,22000.0,0.0
981,26.99,0.0,,28130.0,56.4,,0.0,60.0,22800.0,,4229.0,9.0,4.0,0.0,13.0,40692.0,3.0,9700.0,0.0
982,15.71,5.0,,17965.0,35.3,,0.0,46.5,35500.0,,14231.0,6.0,7.0,0.0,13.0,352538.0,4.0,22000.0,0.0
983,27.8,5.0,,0.0,97.1,,0.0,97.1,49100.0,,1427.0,4.0,4.0,0.0,6.0,179196.0,4.0,49100.0,0.0
984,32.43,0.0,,33682.0,23.0,,0.0,20.6,33000.0,,14627.0,5.0,6.0,0.0,13.0,32345.0,3.0,19000.0,0.0
985,30.61,1.0,,27684.0,95.6,,196.0,81.7,16600.0,,313.0,7.0,2.0,0.0,9.0,36121.0,2.0,7100.0,0.0
986,15.86,0.0,,33545.0,91.3,,0.0,91.3,4300.0,,374.0,4.0,4.0,0.0,6.0,30657.0,4.0,4300.0,0.0
987,12.68,3.0,,26143.0,99.9,,0.0,50.8,32100.0,,6.0,5.0,3.0,0.0,7.0,450783.0,3.0,11200.0,0.0
988,22.11,0.0,,32039.0,35.2,,0.0,28.9,40400.0,,15815.0,12.0,9.0,0.0,24.0,36151.0,8.0,24400.0,0.0
989,24.92,2.0,,17243.0,68.3,,0.0,62.8,18400.0,,4980.0,6.0,5.0,0.0,9.0,71177.0,5.0,15700.0,0.0
990,1.23,4.0,,0.0,22.8,,0.0,21.9,28200.0,,13283.0,2.0,1.0,0.0,3.0,151275.0,1.0,17200.0,0.0
991,28.92,8.0,,40474.0,87.9,,0.0,44.8,30500.0,,1093.0,9.0,3.0,0.0,12.0,38699.0,3.0,9000.0,0.0
992,7.26,0.0,,9475.0,93.2,,0.0,79.0,18600.0,,1064.0,6.0,5.0,0.0,8.0,19484.0,5.0,15600.0,0.0
993,5.04,10.0,,0.0,51.9,,0.0,47.2,19100.0,,7361.0,4.0,3.0,0.0,6.0,9016.0,3.0,15300.0,0.0
994,14.47,5.0,,30530.0,3.4,,558.0,10.9,118200.0,,40774.0,3.0,11.0,0.0,16.0,37738.0,2.0,42200.0,0.0
995,33.78,6.0,,53965.0,76.3,,0.0,64.6,89400.0,,17630.0,17.0,14.0,0.0,33.0,259853.0,13.0,74300.0,0.0
996,17.72,2.0,,45312.0,39.9,,0.0,35.9,70500.0,,38080.0,5.0,11.0,0.0,15.0,45476.0,5.0,63400.0,0.0
997,8.84,1.0,,19938.0,89.5,,0.0,77.7,18100.0,,1631.0,5.0,3.0,0.0,7.0,291499.0,3.0,15500.0,0.0
998,6.83,1.0,,34638.0,56.4,,0.0,33.6,45500.0,,11083.0,3.0,2.0,0.0,8.0,234549.0,2.0,25400.0,0.0
999,13.98,1.0,,10000.0,91.3,,0.0,77.3,7500.0,,481.0,4.0,2.0,0.0,6.0,132765.0,2.0,5500.0,0.0
