id,acc_open_past_24mths,mo_sin_old_il_acct,mo_sin_rcnt_tl,open_acc_6m,mths_since_rcnt_il,chargeoff_within_12_mths,collections_12_mths_ex_med,delinq_2yrs,mo_sin_old_rev_tl_op,mo_sin_rcnt_rev_tl_op,open_il_12m,open_il_24m,avg_cur_bal,percent_bc_gt_75,num_tl_120dpd_2m,num_tl_30dpd,num_tl_90g_dpd_24m,num_tl_op_past_12m,open_rv_12m,open_rv_24m,earliest_cr_line
0,5.0,103.0,1.0,,,0.0,0.0,0.0,244.0,1.0,,,29828.0,0.0,0.0,0.0,0.0,4.0,,,Aug-1994
1,7.0,76.0,1.0,,,0.0,0.0,0.0,290.0,1.0,,,9536.0,14.3,0.0,0.0,0.0,4.0,,,Sep-1989
2,4.0,135.0,7.0,,,0.0,0.0,0.0,136.0,7.0,,,4232.0,100.0,0.0,0.0,0.0,2.0,,,Aug-2003
3,2.0,16.0,16.0,,,0.0,0.0,1.0,170.0,21.0,,,32727.0,100.0,0.0,0.0,0.0,0.0,,,Oct-2000
4,6.0,137.0,8.0,,,0.0,0.0,0.0,148.0,8.0,,,5857.0,100.0,0.0,0.0,0.0,2.0,,,Aug-2002
5,8.0,183.0,3.0,,,0.0,0.0,0.0,265.0,23.0,,,3214.0,60.0,0.0,0.0,0.0,3.0,,,Nov-1992
6,6.0,158.0,6.0,,,0.0,0.0,0.0,148.0,24.0,,,44136.0,66.7,0.0,0.0,0.0,1.0,,,Oct-2001
7,3.0,121.0,17.0,,,0.0,0.0,1.0,133.0,17.0,,,53392.0,66.7,0.0,0.0,0.0,0.0,,,Nov-2003
8,6.0,132.0,12.0,,,0.0,0.0,1.0,194.0,15.0,,,39356.0,66.7,0.0,0.0,0.0,1.0,,,Oct-1998
9,4.0,33.0,6.0,,,0.0,0.0,0.0,67.0,12.0,,,1267.0,0.0,0.0,0.0,0.0,2.0,,,May-2009
10,0.0,137.0,31.0,,,0.0,0.0,0.0,124.0,40.0,,,4745.0,100.0,0.0,0.0,0.0,0.0,,,Jul-2003
11,7.0,191.0,2.0,,,0.0,0.0,0.0,122.0,2.0,,,1571.0,0.0,0.0,0.0,0.0,4.0,,,Jan-1999
12,2.0,93.0,10.0,,,0.0,0.0,0.0,167.0,21.0,,,17456.0,100.0,0.0,0.0,0.0,1.0,,,Jan-2001
13,0.0,160.0,30.0,,,0.0,0.0,0.0,205.0,30.0,,,20175.0,100.0,0.0,0.0,0.0,0.0,,,Nov-1987
14,5.0,129.0,14.0,,,0.0,0.0,3.0,305.0,15.0,,,40153.0,100.0,0.0,0.0,0.0,0.0,,,Jul-1989
15,6.0,27.0,4.0,,,0.0,0.0,0.0,219.0,8.0,,,2054.0,83.3,0.0,0.0,0.0,4.0,,,Sep-1996
16,2.0,234.0,3.0,,,0.0,0.0,0.0,138.0,27.0,,,3258.0,100.0,0.0,0.0,0.0,1.0,,,Jun-1995
17,6.0,136.0,3.0,,,0.0,0.0,2.0,252.0,3.0,,,2149.0,100.0,0.0,0.0,0.0,3.0,,,Dec-1993
18,3.0,55.0,3.0,,,0.0,0.0,0.0,58.0,3.0,,,1314.0,0.0,0.0,0.0,0.0,1.0,,,Feb-2010
19,4.0,89.0,1.0,,,0.0,0.0,0.0,52.0,1.0,,,2310.0,100.0,0.0,0.0,0.0,4.0,,,Jul-2007
20,6.0,76.0,5.0,,,0.0,0.0,0.0,102.0,10.0,,,15799.0,25.0,0.0,0.0,0.0,3.0,,,Jun-2006
21,3.0,79.0,13.0,,,0.0,0.0,0.0,181.0,13.0,,,3822.0,50.0,0.0,0.0,0.0,0.0,,,Nov-1999
22,4.0,131.0,5.0,,,0.0,0.0,0.0,155.0,5.0,,,21171.0,100.0,0.0,0.0,0.0,3.0,,,Jan-2002
23,6.0,108.0,4.0,,,0.0,0.0,0.0,148.0,4.0,,,992.0,100.0,0.0,0.0,0.0,2.0,,,Aug-2002
24,2.0,,8.0,,,0.0,0.0,0.0,162.0,8.0,,,18583.0,25.0,0.0,0.0,0.0,1.0,,,Jun-2001
25,3.0,39.0,18.0,,,0.0,0.0,0.0,150.0,18.0,,,57.0,0.0,0.0,0.0,0.0,0.0,,,Nov-1998
26,10.0,92.0,1.0,,,0.0,0.0,0.0,90.0,30.0,,,6631.0,75.0,0.0,0.0,0.0,6.0,,,Apr-2007
27,8.0,141.0,6.0,,,0.0,0.0,0.0,100.0,12.0,,,23779.0,66.7,,0.0,0.0,3.0,,,Mar-2003
28,5.0,181.0,1.0,,,0.0,0.0,0.0,244.0,1.0,,,21760.0,14.3,0.0,0.0,0.0,1.0,,,Aug-1994
29,7.0,92.0,6.0,,,0.0,0.0,0.0,153.0,12.0,,,3049.0,100.0,0.0,0.0,0.0,3.0,,,Mar-2002
30,7.0,44.0,3.0,,,0.0,0.0,0.0,109.0,12.0,,,14780.0,66.7,0.0,0.0,0.0,2.0,,,Nov-2005
31,5.0,137.0,1.0,,,0.0,0.0,0.0,161.0,1.0,,,11481.0,,0.0,0.0,0.0,2.0,,,Jul-2001
32,5.0,170.0,3.0,,,0.0,0.0,0.0,78.0,3.0,,,9113.0,0.0,0.0,0.0,0.0,3.0,,,Oct-2000
33,3.0,122.0,3.0,,,0.0,0.0,0.0,143.0,86.0,,,8527.0,50.0,0.0,0.0,0.0,3.0,,,Jan-2003
34,12.0,125.0,1.0,,,0.0,0.0,0.0,127.0,14.0,,,8926.0,,0.0,0.0,0.0,5.0,,,Mar-2003
35,8.0,96.0,1.0,,,0.0,0.0,0.0,42.0,6.0,,,1615.0,20.0,0.0,0.0,0.0,5.0,,,Dec-2006
36,3.0,219.0,3.0,,,0.0,0.0,0.0,163.0,49.0,,,85770.0,100.0,0.0,0.0,0.0,3.0,,,Sep-1996
37,3.0,88.0,14.0,,,0.0,0.0,0.0,89.0,14.0,,,59221.0,100.0,0.0,0.0,0.0,0.0,,,Jul-2007
38,1.0,164.0,20.0,,,0.0,0.0,0.0,399.0,32.0,,,22200.0,25.0,0.0,0.0,0.0,0.0,,,Sep-1981
39,3.0,228.0,5.0,,,0.0,0.0,0.0,115.0,5.0,,,16800.0,36.4,0.0,0.0,0.0,2.0,,,Dec-1995
40,3.0,171.0,12.0,,,1.0,0.0,2.0,126.0,18.0,,,25385.0,50.0,0.0,0.0,1.0,1.0,,,Sep-2000
41,3.0,36.0,6.0,,,0.0,0.0,1.0,273.0,20.0,,,3000.0,50.0,0.0,0.0,0.0,1.0,,,Mar-1992
42,3.0,4.0,4.0,,,0.0,0.0,0.0,45.0,9.0,,,2271.0,0.0,0.0,0.0,0.0,2.0,,,Mar-2011
43,6.0,118.0,9.0,,,0.0,0.0,0.0,129.0,10.0,,,515.0,33.3,0.0,0.0,0.0,2.0,,,Mar-2004
44,3.0,86.0,4.0,,,0.0,0.0,0.0,26.0,4.0,,,5843.0,100.0,0.0,0.0,0.0,2.0,,,Oct-2007
45,9.0,81.0,3.0,,,0.0,0.0,0.0,101.0,3.0,,,13956.0,20.0,0.0,0.0,0.0,3.0,,,Aug-2000
46,2.0,128.0,7.0,,,0.0,0.0,0.0,145.0,43.0,,,32113.0,100.0,0.0,0.0,0.0,1.0,,,Jul-2002
47,11.0,154.0,2.0,,,0.0,0.0,0.0,237.0,2.0,,,11668.0,50.0,0.0,0.0,0.0,4.0,,,Mar-1995
48,0.0,120.0,50.0,,,0.0,0.0,0.0,134.0,58.0,,,11708.0,100.0,0.0,0.0,0.0,0.0,,,Oct-2003
49,2.0,142.0,12.0,,,0.0,0.0,0.0,300.0,22.0,,,12637.0,33.3,0.0,0.0,0.0,1.0,,,Jan-1981
50,2.0,133.0,1.0,,,0.0,0.0,0.0,189.0,51.0,,,6652.0,100.0,0.0,0.0,0.0,2.0,,,Mar-1999
51,2.0,147.0,6.0,,,0.0,0.0,0.0,130.0,6.0,,,39085.0,100.0,0.0,0.0,0.0,1.0,,,Sep-2002
52,3.0,50.0,6.0,,,0.0,0.0,0.0,153.0,18.0,,,4946.0,50.0,0.0,0.0,0.0,1.0,,,Mar-2002
53,14.0,7.0,1.0,,,0.0,0.0,0.0,76.0,1.0,,,783.0,44.4,0.0,0.0,0.0,3.0,,,Aug-2008
54,1.0,51.0,6.0,,,0.0,0.0,1.0,91.0,6.0,,,2293.0,66.7,0.0,0.0,0.0,1.0,,,May-2007
55,6.0,86.0,11.0,,,0.0,0.0,0.0,100.0,15.0,,,3871.0,100.0,0.0,0.0,0.0,1.0,,,Aug-2006
56,4.0,152.0,3.0,,,0.0,0.0,0.0,203.0,3.0,,,6958.0,50.0,0.0,0.0,0.0,3.0,,,Jan-1998
57,7.0,170.0,1.0,,,0.0,0.0,0.0,222.0,1.0,,,3065.0,16.7,0.0,0.0,0.0,2.0,,,Jun-1996
58,5.0,115.0,4.0,,,0.0,0.0,0.0,126.0,4.0,,,4283.0,25.0,0.0,0.0,0.0,3.0,,,Jun-2004
59,1.0,161.0,11.0,,,0.0,0.0,0.0,304.0,11.0,,,59326.0,100.0,0.0,0.0,0.0,1.0,,,Aug-1989
60,0.0,137.0,9.0,,,0.0,0.0,0.0,453.0,58.0,,,12637.0,0.0,,0.0,0.0,0.0,,,Mar-1977
61,6.0,167.0,3.0,,,0.0,0.0,0.0,214.0,8.0,,,1440.0,100.0,0.0,0.0,0.0,2.0,,,Feb-1997
62,2.0,139.0,23.0,,,0.0,0.0,0.0,305.0,23.0,,,24167.0,40.0,0.0,0.0,0.0,0.0,,,Jul-1989
63,5.0,50.0,14.0,,,0.0,0.0,0.0,47.0,15.0,,,3171.0,100.0,0.0,0.0,0.0,0.0,,,Oct-2010
64,3.0,116.0,12.0,,,0.0,0.0,0.0,393.0,12.0,,,16382.0,60.0,0.0,0.0,0.0,1.0,,,Mar-1982
65,5.0,152.0,3.0,,,0.0,0.0,0.0,254.0,3.0,,,18235.0,85.7,0.0,0.0,0.0,5.0,,,Oct-1993
66,10.0,132.0,2.0,,,0.0,0.0,0.0,158.0,3.0,,,52121.0,80.0,0.0,0.0,0.0,8.0,,,Oct-2001
67,4.0,123.0,4.0,,,0.0,0.0,0.0,147.0,4.0,,,7459.0,33.3,0.0,0.0,0.0,2.0,,,Sep-2002
68,1.0,124.0,5.0,,,0.0,0.0,0.0,117.0,5.0,,,5577.0,25.0,0.0,0.0,0.0,1.0,,,Aug-2004
69,2.0,128.0,17.0,,,0.0,0.0,0.0,220.0,36.0,,,7796.0,0.0,0.0,0.0,0.0,0.0,,,Aug-1996
70,7.0,166.0,11.0,,,0.0,0.0,0.0,361.0,11.0,,,36287.0,20.0,0.0,0.0,0.0,2.0,,,Nov-1984
71,10.0,123.0,1.0,,,0.0,0.0,0.0,332.0,2.0,,,3726.0,0.0,0.0,0.0,0.0,8.0,,,Apr-1987
72,5.0,312.0,5.0,,,0.0,0.0,0.0,271.0,5.0,,,6697.0,0.0,0.0,0.0,0.0,3.0,,,Dec-1988
73,4.0,122.0,1.0,,,0.0,0.0,0.0,129.0,1.0,,,3392.0,80.0,0.0,0.0,0.0,3.0,,,Mar-2004
74,5.0,224.0,6.0,,,0.0,0.0,0.0,172.0,6.0,,,1974.0,33.3,0.0,0.0,0.0,3.0,,,Feb-1994
75,7.0,178.0,3.0,,,0.0,0.0,0.0,228.0,3.0,,,3209.0,60.0,0.0,0.0,0.0,4.0,,,Dec-1995
76,5.0,100.0,1.0,,,0.0,0.0,1.0,28.0,1.0,,,9678.0,0.0,0.0,0.0,0.0,4.0,,,Aug-2006
77,8.0,136.0,2.0,,,0.0,0.0,0.0,221.0,2.0,,,1966.0,0.0,0.0,0.0,0.0,6.0,,,Jul-1996
78,0.0,160.0,27.0,,,0.0,0.0,1.0,260.0,56.0,,,7014.0,0.0,0.0,0.0,0.0,0.0,,,Apr-1993
79,2.0,176.0,1.0,,,0.0,0.0,0.0,134.0,1.0,,,24909.0,25.0,0.0,0.0,0.0,1.0,,,Apr-2000
80,6.0,150.0,8.0,,,0.0,0.0,0.0,194.0,19.0,,,41953.0,100.0,0.0,0.0,0.0,2.0,,,Oct-1998
81,2.0,26.0,2.0,,,0.0,0.0,0.0,182.0,2.0,,,3966.0,100.0,0.0,0.0,0.0,2.0,,,Oct-1999
82,5.0,73.0,6.0,,,0.0,0.0,0.0,177.0,6.0,,,5138.0,20.0,0.0,0.0,0.0,3.0,,,Mar-2000
83,6.0,127.0,7.0,,,0.0,0.0,0.0,117.0,8.0,,,11173.0,33.3,0.0,0.0,0.0,2.0,,,May-2004
84,4.0,122.0,12.0,,,0.0,0.0,0.0,140.0,12.0,,,3946.0,100.0,0.0,0.0,0.0,1.0,,,Apr-2003
85,8.0,148.0,5.0,,,0.0,0.0,0.0,259.0,6.0,,,55958.0,50.0,0.0,0.0,0.0,6.0,,,May-1993
86,3.0,120.0,10.0,,,0.0,1.0,0.0,141.0,12.0,,,16156.0,57.1,0.0,0.0,0.0,2.0,,,Mar-2003
87,3.0,94.0,3.0,,,0.0,0.0,0.0,113.0,3.0,,,1378.0,0.0,0.0,0.0,0.0,2.0,,,Jul-2005
88,2.0,171.0,8.0,,,0.0,0.0,0.0,327.0,8.0,,,1682.0,75.0,0.0,0.0,0.0,1.0,,,Sep-1987
89,4.0,159.0,7.0,,,0.0,0.0,0.0,116.0,38.0,,,24111.0,0.0,0.0,0.0,0.0,4.0,,,Sep-2001
90,6.0,301.0,7.0,,,0.0,0.0,1.0,184.0,7.0,,,25064.0,50.0,0.0,0.0,0.0,2.0,,,Nov-1989
91,6.0,27.0,1.0,,,0.0,0.0,1.0,89.0,1.0,,,1694.0,0.0,0.0,0.0,0.0,3.0,,,Jul-2007
92,5.0,58.0,3.0,,,0.0,0.0,0.0,60.0,15.0,,,7549.0,0.0,0.0,0.0,0.0,2.0,,,Dec-2009
93,10.0,151.0,3.0,,,0.0,0.0,0.0,219.0,3.0,,,3738.0,0.0,0.0,0.0,0.0,5.0,,,Sep-1996
94,7.0,125.0,9.0,,,0.0,0.0,0.0,136.0,12.0,,,7380.0,33.3,0.0,0.0,0.0,5.0,,,Jan-2003
95,3.0,159.0,17.0,,,0.0,0.0,0.0,151.0,17.0,,,1647.0,0.0,0.0,0.0,0.0,0.0,,,Sep-2001
96,2.0,162.0,0.0,,,0.0,0.0,0.0,117.0,0.0,,,2679.0,0.0,0.0,0.0,0.0,1.0,,,Jun-2001
97,3.0,278.0,5.0,,,0.0,0.0,0.0,216.0,8.0,,,37065.0,100.0,0.0,0.0,0.0,2.0,,,Oct-1991
98,2.0,127.0,17.0,,,0.0,0.0,0.0,248.0,17.0,,,26301.0,57.1,0.0,0.0,0.0,0.0,,,Apr-1994
99,6.0,153.0,2.0,,,0.0,0.0,0.0,95.0,2.0,,,17859.0,100.0,0.0,0.0,0.0,2.0,,,Mar-2002
100,3.0,105.0,3.0,,,0.0,0.0,0.0,35.0,6.0,,,4127.0,100.0,0.0,0.0,0.0,3.0,,,Mar-2006
101,2.0,150.0,5.0,,,0.0,0.0,4.0,305.0,28.0,,,9365.0,100.0,0.0,0.0,0.0,2.0,,,Jul-1989
102,3.0,88.0,12.0,,,0.0,0.0,0.0,141.0,18.0,,,10990.0,0.0,0.0,0.0,0.0,1.0,,,Oct-1970
103,4.0,256.0,3.0,,,0.0,0.0,0.0,313.0,3.0,,,1080.0,50.0,0.0,0.0,0.0,2.0,,,Nov-1988
104,5.0,140.0,8.0,,,1.0,0.0,1.0,360.0,8.0,,,32595.0,40.0,1.0,0.0,1.0,1.0,,,Dec-1984
105,1.0,99.0,9.0,,,0.0,0.0,2.0,193.0,30.0,,,21815.0,100.0,0.0,0.0,1.0,1.0,,,Nov-1998
106,3.0,108.0,2.0,,,0.0,0.0,6.0,127.0,2.0,,,18759.0,25.0,0.0,0.0,0.0,2.0,,,Dec-2001
107,11.0,180.0,3.0,,,0.0,0.0,0.0,116.0,3.0,,,5961.0,7.7,0.0,0.0,0.0,8.0,,,Dec-1999
108,5.0,94.0,1.0,,,0.0,0.0,0.0,91.0,1.0,,,7743.0,20.0,0.0,0.0,0.0,4.0,,,Dec-2006
109,5.0,141.0,4.0,,,0.0,0.0,0.0,351.0,4.0,,,44386.0,50.0,0.0,0.0,0.0,4.0,,,Sep-1985
110,10.0,121.0,7.0,,,0.0,0.0,0.0,168.0,16.0,,,17560.0,66.7,0.0,0.0,0.0,2.0,,,Dec-2000
111,6.0,50.0,3.0,,,0.0,0.0,0.0,52.0,3.0,,,2128.0,50.0,0.0,0.0,0.0,2.0,,,Aug-2010
112,2.0,104.0,9.0,,,0.0,0.0,0.0,149.0,9.0,,,3836.0,25.0,0.0,0.0,0.0,1.0,,,Jul-2002
113,3.0,53.0,3.0,,,0.0,0.0,0.0,66.0,3.0,,,33216.0,100.0,0.0,0.0,0.0,2.0,,,Jun-2009
114,3.0,94.0,4.0,,,0.0,0.0,0.0,110.0,8.0,,,28154.0,66.7,0.0,0.0,0.0,2.0,,,Oct-2005
115,16.0,161.0,1.0,,,0.0,0.0,0.0,302.0,1.0,,,7583.0,50.0,0.0,0.0,0.0,6.0,,,Oct-1989
116,8.0,160.0,2.0,,,0.0,0.0,0.0,336.0,4.0,,,4577.0,100.0,0.0,0.0,0.0,4.0,,,Dec-1986
117,1.0,149.0,4.0,,,0.0,0.0,1.0,500.0,31.0,,,645.0,25.0,0.0,0.0,0.0,1.0,,,Apr-1973
118,9.0,43.0,4.0,,,0.0,0.0,0.0,47.0,4.0,,,1859.0,0.0,0.0,0.0,0.0,5.0,,,Feb-2002
119,7.0,125.0,6.0,,,0.0,0.0,0.0,293.0,6.0,,,29597.0,40.0,0.0,0.0,0.0,4.0,,,Jul-1990
120,13.0,87.0,1.0,,,0.0,0.0,0.0,84.0,1.0,,,17743.0,0.0,0.0,0.0,0.0,9.0,,,Sep-2007
121,3.0,,20.0,,,0.0,0.0,0.0,104.0,20.0,,,2013.0,75.0,0.0,0.0,0.0,0.0,,,Apr-2006
122,8.0,130.0,7.0,,,0.0,0.0,0.0,179.0,7.0,,,10572.0,0.0,0.0,0.0,0.0,5.0,,,Jan-2000
123,5.0,124.0,4.0,,,0.0,0.0,0.0,130.0,22.0,,,6710.0,100.0,0.0,0.0,0.0,2.0,,,Feb-2004
124,4.0,129.0,9.0,,,0.0,0.0,0.0,129.0,9.0,,,4012.0,66.7,0.0,0.0,0.0,2.0,,,Mar-2004
125,3.0,156.0,7.0,,,0.0,0.0,0.0,131.0,7.0,,,7512.0,60.0,0.0,0.0,0.0,2.0,,,Dec-2001
126,8.0,66.0,9.0,,,0.0,0.0,0.0,79.0,9.0,,,5052.0,50.0,0.0,0.0,0.0,4.0,,,May-2008
127,3.0,87.0,6.0,,,0.0,0.0,0.0,264.0,6.0,,,96695.0,33.3,0.0,0.0,0.0,3.0,,,Nov-1991
128,4.0,123.0,5.0,,,0.0,0.0,0.0,152.0,5.0,,,15232.0,50.0,0.0,0.0,0.0,3.0,,,Apr-2002
129,7.0,194.0,3.0,,,0.0,0.0,0.0,35.0,3.0,,,3418.0,100.0,0.0,0.0,0.0,4.0,,,Oct-1998
130,9.0,138.0,1.0,,,0.0,0.0,0.0,79.0,1.0,,,5144.0,10.0,0.0,0.0,0.0,9.0,,,Jun-2003
131,3.0,136.0,5.0,,,0.0,0.0,0.0,165.0,5.0,,,105412.0,0.0,0.0,0.0,0.0,1.0,,,Mar-2001
132,5.0,149.0,3.0,,,0.0,0.0,0.0,216.0,3.0,,,14716.0,,0.0,0.0,0.0,3.0,,,Dec-1996
133,10.0,174.0,2.0,,,0.0,0.0,5.0,169.0,29.0,,,3790.0,,0.0,0.0,1.0,4.0,,,Jun-2000
134,5.0,68.0,2.0,,,0.0,0.0,0.0,135.0,5.0,,,2968.0,16.7,0.0,0.0,0.0,3.0,,,Sep-2003
135,2.0,142.0,9.0,,,0.0,0.0,0.0,394.0,63.0,,,50819.0,100.0,0.0,0.0,0.0,2.0,,,Feb-1982
136,9.0,136.0,1.0,,,0.0,0.0,0.0,105.0,1.0,,,18565.0,0.0,0.0,0.0,0.0,5.0,,,Aug-2003
137,5.0,86.0,7.0,,,0.0,0.0,0.0,340.0,7.0,,,54296.0,100.0,0.0,0.0,0.0,3.0,,,Aug-1986
138,4.0,139.0,14.0,,,0.0,0.0,0.0,166.0,132.0,,,8827.0,20.0,0.0,0.0,0.0,0.0,,,Feb-2001
139,5.0,147.0,10.0,,,0.0,0.0,0.0,204.0,12.0,,,5200.0,100.0,0.0,0.0,0.0,2.0,,,Dec-1997
140,10.0,169.0,4.0,,,0.0,0.0,0.0,37.0,4.0,,,13475.0,87.5,0.0,0.0,0.0,5.0,,,Nov-2000
141,6.0,57.0,15.0,,,0.0,0.0,0.0,46.0,15.0,,,2428.0,60.0,0.0,0.0,0.0,0.0,,,Mar-2010
142,0.0,172.0,55.0,,,0.0,0.0,1.0,142.0,65.0,,,23483.0,100.0,0.0,0.0,1.0,0.0,,,Aug-2000
143,3.0,,7.0,,,0.0,0.0,0.0,301.0,7.0,,,6954.0,20.0,0.0,0.0,0.0,1.0,,,Nov-1989
144,2.0,105.0,7.0,,,0.0,0.0,5.0,99.0,32.0,,,3621.0,66.7,0.0,0.0,4.0,2.0,,,Mar-2006
145,10.0,118.0,0.0,,,0.0,0.0,0.0,124.0,0.0,,,1744.0,37.5,0.0,0.0,0.0,4.0,,,Aug-2004
146,6.0,142.0,3.0,,,0.0,0.0,1.0,162.0,3.0,,,4973.0,50.0,0.0,0.0,0.0,4.0,,,Jun-2001
147,4.0,103.0,5.0,,,0.0,0.0,0.0,157.0,5.0,,,7660.0,100.0,0.0,0.0,0.0,1.0,,,Nov-2001
148,14.0,156.0,2.0,,,0.0,0.0,0.0,170.0,3.0,,,3295.0,22.2,0.0,0.0,0.0,7.0,,,Oct-2000
149,9.0,158.0,7.0,,,0.0,0.0,0.0,221.0,7.0,,,14278.0,55.6,0.0,0.0,0.0,3.0,,,Jul-1996
150,3.0,105.0,13.0,,,0.0,0.0,0.0,158.0,13.0,,,13922.0,100.0,0.0,0.0,0.0,0.0,,,Aug-1999
151,0.0,160.0,35.0,,,0.0,0.0,0.0,136.0,50.0,,,3453.0,50.0,0.0,0.0,0.0,0.0,,,Aug-2001
152,4.0,118.0,6.0,,,0.0,0.0,1.0,131.0,6.0,,,22525.0,50.0,0.0,0.0,0.0,3.0,,,May-1999
153,5.0,116.0,5.0,,,0.0,0.0,0.0,158.0,5.0,,,8090.0,100.0,0.0,0.0,0.0,2.0,,,Oct-2001
154,5.0,98.0,5.0,,,0.0,0.0,0.0,39.0,6.0,,,3280.0,20.0,0.0,0.0,0.0,4.0,,,Oct-2006
155,3.0,169.0,4.0,,,0.0,0.0,1.0,152.0,10.0,,,12000.0,66.7,0.0,0.0,0.0,2.0,,,Nov-2000
156,3.0,91.0,8.0,,,0.0,0.0,0.0,151.0,12.0,,,2636.0,0.0,0.0,0.0,0.0,2.0,,,May-2002
157,5.0,102.0,3.0,,,0.0,0.0,0.0,154.0,3.0,,,19468.0,16.7,0.0,0.0,0.0,4.0,,,Feb-2002
158,10.0,24.0,2.0,,,0.0,0.0,0.0,173.0,2.0,,,2551.0,66.7,0.0,0.0,0.0,6.0,,,Jul-2000
159,5.0,234.0,2.0,,,0.0,0.0,0.0,264.0,2.0,,,4020.0,66.7,0.0,0.0,0.0,4.0,,,Apr-1976
160,6.0,21.0,12.0,,,0.0,0.0,0.0,81.0,12.0,,,2288.0,100.0,0.0,0.0,0.0,1.0,,,Mar-2008
161,2.0,207.0,12.0,,,0.0,0.0,0.0,88.0,15.0,,,4293.0,50.0,0.0,0.0,0.0,1.0,,,Sep-1997
162,0.0,104.0,26.0,,,0.0,0.0,0.0,110.0,26.0,,,113411.0,100.0,0.0,0.0,0.0,0.0,,,Mar-1987
163,4.0,124.0,15.0,,,0.0,0.0,0.0,122.0,17.0,,,22206.0,50.0,0.0,0.0,0.0,0.0,,,Aug-2004
164,1.0,138.0,23.0,,,0.0,0.0,2.0,183.0,23.0,,,4516.0,0.0,0.0,0.0,2.0,0.0,,,Sep-1999
165,5.0,162.0,4.0,,,0.0,0.0,1.0,198.0,74.0,,,68273.0,50.0,0.0,0.0,0.0,4.0,,,Jun-1998
166,2.0,6.0,5.0,,,0.0,0.0,0.0,139.0,56.0,,,3232.0,33.3,0.0,0.0,0.0,2.0,,,Apr-1991
167,9.0,118.0,1.0,,,0.0,0.0,0.0,170.0,1.0,,,12820.0,100.0,0.0,0.0,0.0,5.0,,,Oct-2000
168,0.0,101.0,45.0,,,0.0,0.0,1.0,202.0,45.0,,,49289.0,50.0,0.0,0.0,0.0,0.0,,,Feb-1998
169,4.0,159.0,6.0,,,0.0,0.0,0.0,161.0,6.0,,,5924.0,50.0,0.0,0.0,0.0,4.0,,,Jul-2001
170,9.0,19.0,8.0,,,0.0,0.0,0.0,180.0,8.0,,,1351.0,100.0,0.0,0.0,0.0,3.0,,,Dec-1999
171,3.0,,12.0,,,0.0,0.0,0.0,64.0,12.0,,,2638.0,66.7,0.0,0.0,0.0,1.0,,,Aug-2009
172,3.0,244.0,17.0,,,0.0,0.0,0.0,145.0,24.0,,,47850.0,80.0,0.0,0.0,0.0,0.0,,,Aug-1994
173,4.0,171.0,0.0,,,0.0,0.0,0.0,217.0,0.0,,,12990.0,20.0,0.0,0.0,0.0,2.0,,,Nov-1996
174,0.0,84.0,28.0,,,0.0,0.0,0.0,379.0,28.0,,,95787.0,75.0,0.0,0.0,0.0,0.0,,,May-1983
175,6.0,141.0,12.0,,,0.0,0.0,0.0,160.0,12.0,,,10049.0,16.7,0.0,0.0,0.0,2.0,,,Aug-2001
176,4.0,126.0,9.0,,,0.0,0.0,0.0,199.0,9.0,,,14537.0,0.0,0.0,0.0,0.0,3.0,,,May-1998
177,1.0,171.0,12.0,,,0.0,0.0,1.0,189.0,12.0,,,1398.0,100.0,0.0,0.0,0.0,1.0,,,Mar-1999
178,1.0,84.0,14.0,,,0.0,0.0,0.0,164.0,36.0,,,11008.0,0.0,0.0,0.0,0.0,0.0,,,Apr-2001
179,1.0,141.0,11.0,,,0.0,0.0,0.0,146.0,11.0,,,22040.0,33.3,0.0,0.0,0.0,1.0,,,Oct-2002
180,6.0,118.0,8.0,,,0.0,0.0,0.0,248.0,11.0,,,18849.0,57.1,0.0,0.0,0.0,2.0,,,Apr-1994
181,2.0,129.0,18.0,,,0.0,0.0,0.0,195.0,19.0,,,18354.0,100.0,0.0,0.0,0.0,0.0,,,Sep-1998
182,11.0,161.0,6.0,,,0.0,0.0,0.0,152.0,16.0,,,4465.0,100.0,0.0,0.0,0.0,3.0,,,Jul-2001
183,7.0,156.0,4.0,,,0.0,0.0,0.0,217.0,4.0,,,25411.0,50.0,0.0,0.0,0.0,2.0,,,Apr-1989
184,4.0,165.0,2.0,,,0.0,0.0,0.0,281.0,2.0,,,6070.0,0.0,0.0,0.0,0.0,2.0,,,Jul-1991
185,5.0,100.0,1.0,,,0.0,0.0,1.0,42.0,1.0,,,6283.0,0.0,0.0,0.0,1.0,2.0,,,Aug-2006
186,4.0,120.0,3.0,,,0.0,0.0,0.0,299.0,3.0,,,7433.0,8.3,0.0,0.0,0.0,2.0,,,Jan-1990
187,3.0,130.0,7.0,,,0.0,0.0,0.0,336.0,7.0,,,16657.0,0.0,0.0,0.0,0.0,2.0,,,Dec-1986
188,9.0,93.0,2.0,,,0.0,0.0,0.0,248.0,2.0,,,2503.0,50.0,,0.0,0.0,4.0,,,Apr-1994
189,2.0,99.0,5.0,,,0.0,0.0,1.0,226.0,5.0,,,2310.0,75.0,0.0,0.0,1.0,2.0,,,Feb-1996
190,0.0,268.0,75.0,,,0.0,0.0,0.0,155.0,75.0,,,6312.0,100.0,0.0,0.0,0.0,0.0,,,Aug-1992
191,5.0,74.0,9.0,,,0.0,0.0,0.0,101.0,13.0,,,5214.0,0.0,0.0,0.0,0.0,1.0,,,Jul-2006
192,2.0,,2.0,,,0.0,0.0,0.0,96.0,2.0,,,10914.0,16.7,0.0,0.0,0.0,1.0,,,Sep-1995
193,5.0,171.0,3.0,,,0.0,0.0,2.0,74.0,15.0,,,6772.0,25.0,0.0,0.0,0.0,1.0,,,Sep-2000
194,3.0,119.0,14.0,,,0.0,0.0,0.0,121.0,14.0,,,9631.0,100.0,0.0,0.0,0.0,0.0,,,Nov-2004
195,0.0,124.0,32.0,,,0.0,0.0,3.0,342.0,32.0,,,25646.0,66.7,0.0,0.0,2.0,0.0,,,Jun-1986
196,8.0,140.0,2.0,,,0.0,0.0,1.0,134.0,7.0,,,25193.0,0.0,0.0,0.0,1.0,2.0,,,Apr-2003
197,5.0,28.0,5.0,,,0.0,0.0,0.0,87.0,5.0,,,1818.0,33.3,0.0,0.0,0.0,2.0,,,Sep-2007
198,0.0,145.0,56.0,,,0.0,0.0,2.0,180.0,60.0,,,67197.0,100.0,0.0,0.0,1.0,0.0,,,Dec-1999
199,16.0,171.0,3.0,,,0.0,0.0,0.0,156.0,7.0,,,751.0,50.0,0.0,0.0,0.0,5.0,,,Sep-2000
200,1.0,139.0,19.0,,,0.0,1.0,0.0,134.0,38.0,,,1770.0,71.4,0.0,0.0,0.0,0.0,,,May-2003
201,2.0,159.0,8.0,,,0.0,0.0,0.0,243.0,17.0,,,8611.0,100.0,0.0,0.0,0.0,1.0,,,Sep-1994
202,8.0,68.0,2.0,,,0.0,0.0,0.0,238.0,2.0,,,17889.0,50.0,0.0,0.0,0.0,7.0,,,Feb-1995
203,4.0,74.0,2.0,,,0.0,0.0,0.0,103.0,2.0,,,5598.0,60.0,0.0,0.0,0.0,3.0,,,May-2006
204,12.0,244.0,2.0,,,0.0,0.0,1.0,256.0,2.0,,,30363.0,100.0,0.0,0.0,0.0,5.0,,,Aug-1993
205,2.0,126.0,10.0,,,0.0,0.0,0.0,139.0,83.0,,,5346.0,33.3,0.0,0.0,0.0,2.0,,,May-2003
206,4.0,216.0,6.0,,,0.0,0.0,1.0,155.0,6.0,,,7568.0,66.7,0.0,0.0,0.0,4.0,,,Dec-1996
207,9.0,106.0,2.0,,,0.0,0.0,0.0,129.0,2.0,,,2985.0,66.7,0.0,0.0,0.0,3.0,,,Mar-2004
208,15.0,130.0,3.0,,,0.0,0.0,0.0,485.0,3.0,,,1770.0,0.0,0.0,0.0,0.0,4.0,,,Jul-1974
209,3.0,87.0,7.0,,,0.0,0.0,0.0,82.0,16.0,,,5843.0,33.3,0.0,0.0,0.0,1.0,,,Sep-2007
210,2.0,158.0,1.0,,,0.0,0.0,0.0,136.0,1.0,,,37846.0,66.7,0.0,0.0,0.0,2.0,,,Oct-2001
211,2.0,147.0,11.0,,,0.0,0.0,0.0,121.0,11.0,,,30140.0,100.0,0.0,0.0,0.0,2.0,,,Sep-2002
212,2.0,84.0,24.0,,,0.0,0.0,0.0,118.0,24.0,,,5937.0,37.5,0.0,0.0,0.0,0.0,,,Feb-2005
213,3.0,160.0,3.0,,,0.0,0.0,0.0,172.0,3.0,,,5481.0,100.0,0.0,0.0,0.0,1.0,,,Aug-2000
214,7.0,238.0,0.0,,,0.0,0.0,1.0,225.0,0.0,,,50445.0,80.0,0.0,0.0,0.0,3.0,,,Feb-1995
215,5.0,174.0,9.0,,,0.0,0.0,0.0,166.0,9.0,,,11178.0,66.7,0.0,0.0,0.0,3.0,,,Jun-2000
216,1.0,171.0,22.0,,,0.0,0.0,0.0,174.0,72.0,,,9307.0,50.0,0.0,0.0,0.0,0.0,,,Jun-2000
217,3.0,179.0,10.0,,,0.0,0.0,0.0,267.0,11.0,,,4786.0,33.3,0.0,0.0,0.0,2.0,,,Sep-1992
218,6.0,133.0,5.0,,,0.0,0.0,0.0,149.0,5.0,,,34337.0,33.3,0.0,0.0,0.0,5.0,,,Jul-2002
219,6.0,149.0,3.0,,,0.0,0.0,0.0,121.0,3.0,,,3498.0,100.0,0.0,0.0,0.0,4.0,,,Jul-2002
220,6.0,120.0,2.0,,,0.0,0.0,0.0,363.0,2.0,,,1341.0,20.0,0.0,0.0,0.0,2.0,,,Sep-1984
221,10.0,159.0,3.0,,,0.0,0.0,0.0,103.0,3.0,,,2862.0,14.3,0.0,0.0,0.0,8.0,,,Sep-2001
222,4.0,253.0,3.0,,,0.0,0.0,0.0,323.0,7.0,,,5524.0,28.6,0.0,0.0,0.0,3.0,,,Jan-1988
223,4.0,126.0,4.0,,,0.0,0.0,0.0,153.0,25.0,,,4111.0,12.5,0.0,0.0,0.0,3.0,,,Mar-2002
224,1.0,123.0,7.0,,,0.0,0.0,0.0,119.0,7.0,,,74435.0,100.0,0.0,0.0,0.0,1.0,,,Jul-2002
225,2.0,99.0,4.0,,,0.0,0.0,0.0,91.0,4.0,,,30626.0,100.0,0.0,0.0,0.0,2.0,,,Sep-2006
226,2.0,60.0,2.0,,,0.0,0.0,0.0,84.0,2.0,,,14886.0,,0.0,0.0,0.0,1.0,,,Dec-2007
227,4.0,82.0,16.0,,,0.0,0.0,1.0,141.0,16.0,,,18088.0,75.0,0.0,0.0,1.0,0.0,,,Mar-2003
228,2.0,,12.0,,,0.0,0.0,0.0,64.0,12.0,,,813.0,14.3,0.0,0.0,0.0,1.0,,,Aug-2009
229,4.0,81.0,4.0,,,0.0,0.0,0.0,219.0,23.0,,,22806.0,0.0,0.0,0.0,0.0,2.0,,,Jun-1995
230,2.0,46.0,4.0,,,0.0,0.0,0.0,58.0,4.0,,,2902.0,100.0,0.0,0.0,0.0,1.0,,,Feb-2010
231,4.0,65.0,10.0,,,0.0,0.0,0.0,100.0,10.0,,,30160.0,100.0,0.0,0.0,0.0,2.0,,,Aug-2006
232,6.0,1.0,1.0,,,0.0,0.0,0.0,171.0,1.0,,,2542.0,33.3,0.0,0.0,0.0,5.0,,,Sep-2000
233,4.0,135.0,4.0,,,0.0,0.0,0.0,192.0,4.0,,,9342.0,40.0,0.0,0.0,0.0,3.0,,,Dec-1998
234,8.0,51.0,3.0,,,0.0,0.0,0.0,60.0,3.0,,,33032.0,33.3,0.0,0.0,0.0,3.0,,,Dec-2009
235,6.0,178.0,10.0,,,0.0,0.0,0.0,91.0,11.0,,,4929.0,100.0,0.0,0.0,0.0,4.0,,,Sep-1998
236,0.0,121.0,25.0,,,0.0,0.0,1.0,159.0,27.0,,,3230.0,66.7,0.0,0.0,0.0,0.0,,,Sep-2001
237,2.0,286.0,9.0,,,0.0,0.0,0.0,243.0,26.0,,,8153.0,71.4,0.0,0.0,0.0,1.0,,,Feb-1991
238,4.0,143.0,9.0,,,0.0,0.0,0.0,428.0,21.0,,,5613.0,100.0,0.0,0.0,0.0,2.0,,,Apr-1979
239,11.0,150.0,3.0,,,0.0,0.0,0.0,241.0,3.0,,,3416.0,100.0,0.0,0.0,0.0,4.0,,,Nov-1994
240,9.0,157.0,4.0,,,0.0,0.0,0.0,224.0,14.0,,,16038.0,100.0,0.0,0.0,0.0,5.0,,,Apr-1996
241,4.0,241.0,4.0,,,0.0,0.0,0.0,264.0,4.0,,,20335.0,66.7,0.0,0.0,0.0,3.0,,,Dec-1992
242,12.0,88.0,5.0,,,0.0,0.0,0.0,49.0,5.0,,,1798.0,33.3,0.0,0.0,0.0,3.0,,,Aug-2007
243,3.0,143.0,19.0,,,0.0,0.0,0.0,203.0,22.0,,,6370.0,66.7,0.0,0.0,0.0,0.0,,,Jan-1998
244,7.0,65.0,7.0,,,0.0,0.0,1.0,171.0,7.0,,,29010.0,12.5,0.0,0.0,1.0,2.0,,,Oct-1985
245,12.0,51.0,4.0,,,0.0,0.0,0.0,17.0,5.0,,,3384.0,20.0,0.0,0.0,0.0,9.0,,,Jun-2010
246,3.0,168.0,11.0,,,0.0,0.0,2.0,457.0,20.0,,,9153.0,80.0,0.0,0.0,0.0,1.0,,,Nov-1976
247,12.0,87.0,4.0,,,0.0,1.0,0.0,107.0,4.0,,,1236.0,16.7,0.0,0.0,0.0,6.0,,,Jan-2006
248,10.0,146.0,1.0,,,0.0,0.0,0.0,99.0,1.0,,,3587.0,100.0,0.0,0.0,0.0,3.0,,,Oct-2002
249,5.0,132.0,6.0,,,0.0,0.0,3.0,288.0,16.0,,,9427.0,0.0,0.0,0.0,0.0,2.0,,,Dec-1990
250,10.0,123.0,8.0,,,0.0,0.0,0.0,145.0,8.0,,,24019.0,57.1,0.0,0.0,0.0,2.0,,,Dec-1997
251,1.0,134.0,4.0,,,0.0,0.0,0.0,304.0,4.0,,,35379.0,50.0,0.0,0.0,0.0,1.0,,,Aug-1989
252,4.0,265.0,1.0,,,0.0,0.0,1.0,120.0,1.0,,,13626.0,66.7,0.0,0.0,0.0,4.0,,,Nov-1992
253,1.0,117.0,23.0,,,0.0,0.0,0.0,192.0,25.0,,,18096.0,33.3,0.0,0.0,0.0,0.0,,,Dec-1998
254,5.0,132.0,1.0,,,0.0,0.0,0.0,124.0,1.0,,,12620.0,80.0,0.0,0.0,0.0,2.0,,,Dec-2003
255,2.0,,4.0,,,0.0,0.0,0.0,108.0,4.0,,,3796.0,50.0,0.0,0.0,0.0,2.0,,,Dec-2005
256,4.0,160.0,2.0,,,0.0,0.0,0.0,230.0,2.0,,,5905.0,100.0,0.0,0.0,0.0,2.0,,,Oct-1995
257,1.0,131.0,16.0,,,0.0,0.0,0.0,241.0,16.0,,,23290.0,100.0,0.0,0.0,0.0,0.0,,,Nov-1994
258,3.0,77.0,11.0,,,0.0,0.0,0.0,34.0,11.0,,,1470.0,100.0,0.0,0.0,0.0,1.0,,,Jul-2008
259,4.0,105.0,9.0,,,0.0,0.0,0.0,185.0,9.0,,,3009.0,33.3,0.0,0.0,0.0,2.0,,,Jul-1999
260,7.0,142.0,2.0,,,0.0,0.0,0.0,370.0,2.0,,,28150.0,55.6,0.0,0.0,0.0,5.0,,,Feb-1984
261,4.0,136.0,8.0,,,0.0,0.0,0.0,80.0,8.0,,,7698.0,50.0,0.0,0.0,0.0,3.0,,,Nov-1991
262,1.0,139.0,3.0,,,0.0,0.0,0.0,166.0,3.0,,,7521.0,0.0,0.0,0.0,0.0,1.0,,,Apr-1995
263,6.0,106.0,7.0,,,0.0,0.0,1.0,182.0,9.0,,,54970.0,100.0,0.0,0.0,0.0,2.0,,,Oct-1999
264,4.0,140.0,19.0,,,0.0,0.0,0.0,166.0,19.0,,,87661.0,50.0,0.0,0.0,0.0,0.0,,,Feb-2001
265,3.0,175.0,4.0,,,0.0,0.0,0.0,200.0,16.0,,,4360.0,100.0,0.0,0.0,0.0,1.0,,,Apr-1998
266,1.0,36.0,1.0,,,0.0,0.0,0.0,258.0,1.0,,,5982.0,66.7,0.0,0.0,0.0,1.0,,,Jun-1993
267,4.0,144.0,7.0,,,0.0,0.0,0.0,123.0,8.0,,,32236.0,71.4,0.0,0.0,0.0,3.0,,,Dec-2002
268,5.0,130.0,7.0,,,0.0,0.0,0.0,43.0,12.0,,,31222.0,100.0,0.0,0.0,0.0,2.0,,,Feb-2004
269,7.0,160.0,2.0,,,0.0,0.0,1.0,192.0,2.0,,,5948.0,50.0,,0.0,1.0,3.0,,,Dec-1998
270,2.0,139.0,13.0,,,0.0,0.0,0.0,189.0,25.0,,,9521.0,100.0,0.0,0.0,0.0,0.0,,,Mar-1999
271,6.0,205.0,2.0,,,0.0,0.0,0.0,196.0,2.0,,,2104.0,85.7,0.0,0.0,0.0,3.0,,,Nov-1997
272,11.0,100.0,1.0,,,0.0,0.0,0.0,69.0,6.0,,,14108.0,25.0,0.0,0.0,0.0,4.0,,,Aug-2006
273,1.0,144.0,15.0,,,0.0,0.0,1.0,191.0,15.0,,,12002.0,0.0,0.0,0.0,0.0,0.0,,,Jan-1999
274,8.0,300.0,3.0,,,0.0,0.0,1.0,279.0,3.0,,,17474.0,50.0,0.0,0.0,1.0,8.0,,,Dec-1989
275,2.0,117.0,5.0,,,0.0,0.0,0.0,124.0,5.0,,,5143.0,100.0,0.0,0.0,0.0,1.0,,,Aug-2004
276,11.0,166.0,3.0,,,0.0,0.0,0.0,117.0,7.0,,,3822.0,10.0,0.0,0.0,0.0,6.0,,,Feb-2001
277,1.0,89.0,16.0,,,0.0,0.0,2.0,67.0,30.0,,,4685.0,0.0,0.0,0.0,0.0,0.0,,,Jul-2007
278,0.0,64.0,32.0,,,0.0,0.0,0.0,151.0,32.0,,,1199.0,50.0,0.0,0.0,0.0,0.0,,,May-2002
279,6.0,23.0,9.0,,,0.0,0.0,0.0,336.0,9.0,,,41534.0,42.9,0.0,0.0,0.0,2.0,,,Dec-1986
280,3.0,158.0,4.0,,,0.0,0.0,0.0,271.0,15.0,,,9753.0,25.0,0.0,0.0,0.0,1.0,,,May-1992
281,8.0,78.0,8.0,,,0.0,0.0,0.0,281.0,8.0,,,4429.0,100.0,0.0,0.0,0.0,1.0,,,Jul-1991
282,2.0,68.0,6.0,,,0.0,0.0,1.0,55.0,6.0,,,1177.0,0.0,0.0,0.0,0.0,2.0,,,Apr-2009
283,4.0,,1.0,,,0.0,0.0,0.0,48.0,1.0,,,1004.0,100.0,0.0,0.0,0.0,2.0,,,Dec-2010
284,0.0,140.0,82.0,,,0.0,0.0,0.0,237.0,82.0,,,86307.0,,0.0,0.0,0.0,0.0,,,Mar-1995
285,5.0,111.0,1.0,,,0.0,0.0,0.0,182.0,1.0,,,2207.0,100.0,0.0,0.0,0.0,3.0,,,Oct-1999
286,7.0,148.0,1.0,,,0.0,0.0,1.0,236.0,1.0,,,3647.0,0.0,0.0,0.0,0.0,4.0,,,Apr-1995
287,7.0,123.0,4.0,,,0.0,0.0,0.0,145.0,7.0,,,1456.0,0.0,0.0,0.0,0.0,5.0,,,Nov-2002
288,1.0,112.0,11.0,,,0.0,0.0,0.0,73.0,11.0,,,3628.0,100.0,0.0,0.0,0.0,1.0,,,Aug-2005
289,4.0,64.0,16.0,,,0.0,0.0,0.0,93.0,19.0,,,6550.0,100.0,0.0,0.0,0.0,0.0,,,Mar-2007
290,2.0,179.0,10.0,,,0.0,0.0,0.0,116.0,19.0,,,6750.0,66.7,0.0,0.0,0.0,1.0,,,Jan-2000
291,1.0,141.0,5.0,,,0.0,0.0,2.0,210.0,5.0,,,8837.0,40.0,0.0,0.0,0.0,1.0,,,Jun-1997
292,6.0,88.0,4.0,,,0.0,0.0,0.0,127.0,4.0,,,9504.0,20.0,0.0,0.0,0.0,5.0,,,May-2004
293,8.0,23.0,11.0,,,0.0,0.0,0.0,102.0,11.0,,,1078.0,20.0,0.0,0.0,0.0,1.0,,,Jun-2006
294,3.0,95.0,3.0,,,0.0,0.0,0.0,218.0,3.0,,,990.0,20.0,0.0,0.0,0.0,1.0,,,Oct-1996
295,2.0,123.0,5.0,,,0.0,0.0,1.0,207.0,5.0,,,12600.0,50.0,0.0,0.0,1.0,2.0,,,Sep-1997
296,11.0,94.0,2.0,,,0.0,0.0,1.0,109.0,2.0,,,827.0,16.7,0.0,0.0,0.0,5.0,,,Nov-2005
297,4.0,158.0,11.0,,,0.0,0.0,0.0,72.0,27.0,,,16202.0,0.0,0.0,0.0,0.0,1.0,,,Oct-2001
298,4.0,110.0,5.0,,,0.0,0.0,1.0,172.0,9.0,,,85506.0,0.0,0.0,0.0,0.0,4.0,,,Aug-2000
299,4.0,145.0,4.0,,,0.0,0.0,0.0,141.0,4.0,,,19306.0,100.0,0.0,0.0,0.0,2.0,,,Nov-2002
300,5.0,7.0,7.0,,,0.0,0.0,0.0,53.0,9.0,,,1821.0,0.0,0.0,0.0,0.0,2.0,,,Jul-2010
301,6.0,91.0,5.0,,,0.0,0.0,0.0,96.0,5.0,,,6624.0,75.0,0.0,0.0,0.0,3.0,,,Dec-2006
302,5.0,188.0,12.0,,,0.0,0.0,0.0,104.0,12.0,,,4659.0,100.0,0.0,0.0,0.0,1.0,,,Apr-1999
303,6.0,26.0,7.0,,,0.0,0.0,0.0,246.0,7.0,,,3133.0,100.0,0.0,0.0,0.0,1.0,,,Jun-1994
304,1.0,93.0,24.0,,,0.0,0.0,0.0,100.0,31.0,,,70052.0,0.0,0.0,0.0,0.0,0.0,,,Aug-2006
305,1.0,116.0,19.0,,,0.0,0.0,0.0,253.0,223.0,,,64350.0,100.0,0.0,0.0,0.0,0.0,,,Nov-1993
306,2.0,47.0,7.0,,,0.0,0.0,0.0,161.0,37.0,,,24121.0,100.0,0.0,0.0,0.0,1.0,,,Jul-2001
307,1.0,32.0,23.0,,,0.0,0.0,0.0,42.0,33.0,,,2524.0,0.0,0.0,0.0,0.0,0.0,,,Jun-2011
308,1.0,126.0,9.0,,,0.0,0.0,0.0,60.0,9.0,,,696.0,0.0,0.0,0.0,0.0,1.0,,,Jun-2004
309,4.0,126.0,10.0,,,0.0,0.0,4.0,340.0,23.0,,,1996.0,100.0,0.0,0.0,0.0,1.0,,,Aug-1986
310,8.0,126.0,2.0,,,0.0,0.0,0.0,375.0,2.0,,,12485.0,40.0,0.0,0.0,0.0,3.0,,,Sep-1983
311,9.0,151.0,2.0,,,0.0,0.0,0.0,255.0,9.0,,,9869.0,28.6,0.0,0.0,0.0,4.0,,,Sep-1993
312,4.0,279.0,17.0,,,0.0,0.0,0.0,129.0,17.0,,,4666.0,50.0,0.0,0.0,0.0,0.0,,,Sep-1991
313,9.0,119.0,1.0,,,0.0,0.0,1.0,137.0,1.0,,,17653.0,0.0,0.0,0.0,0.0,5.0,,,Jul-2003
314,4.0,58.0,5.0,,,0.0,0.0,0.0,88.0,24.0,,,17866.0,100.0,0.0,0.0,0.0,3.0,,,Aug-2007
315,9.0,215.0,2.0,,,0.0,0.0,0.0,141.0,2.0,,,6180.0,0.0,0.0,0.0,0.0,3.0,,,Jan-1997
316,1.0,135.0,12.0,,,0.0,0.0,0.0,141.0,12.0,,,4449.0,33.3,0.0,0.0,0.0,1.0,,,Mar-2003
317,3.0,,1.0,,,0.0,0.0,0.0,97.0,1.0,,,3381.0,0.0,0.0,0.0,0.0,2.0,,,Nov-2006
318,3.0,42.0,6.0,,,0.0,0.0,0.0,171.0,17.0,,,4691.0,83.3,0.0,0.0,0.0,1.0,,,Sep-2000
319,6.0,121.0,2.0,,,0.0,0.0,0.0,71.0,2.0,,,7290.0,14.3,0.0,0.0,0.0,3.0,,,Nov-2004
320,3.0,134.0,5.0,,,0.0,0.0,0.0,125.0,5.0,,,2898.0,100.0,0.0,0.0,0.0,1.0,,,Oct-2003
321,7.0,36.0,2.0,,,0.0,0.0,0.0,51.0,2.0,,,3640.0,16.7,0.0,0.0,0.0,6.0,,,Sep-2010
322,6.0,160.0,4.0,,,0.0,0.0,0.0,486.0,4.0,,,10762.0,60.0,0.0,0.0,0.0,1.0,,,Jun-1974
323,5.0,146.0,1.0,,,0.0,0.0,0.0,142.0,1.0,,,8925.0,57.1,0.0,0.0,0.0,3.0,,,Oct-2002
324,6.0,95.0,5.0,,,0.0,0.0,0.0,359.0,11.0,,,3383.0,91.7,0.0,0.0,0.0,3.0,,,Jan-1985
325,2.0,140.0,1.0,,,0.0,0.0,0.0,317.0,1.0,,,14615.0,50.0,0.0,0.0,0.0,2.0,,,Jul-1988
326,1.0,154.0,22.0,,,0.0,0.0,0.0,209.0,22.0,,,48028.0,66.7,0.0,0.0,0.0,0.0,,,Jul-1997
327,2.0,218.0,8.0,,,0.0,0.0,0.0,98.0,23.0,,,20529.0,0.0,0.0,0.0,0.0,1.0,,,Oct-1996
328,4.0,259.0,15.0,,,0.0,0.0,0.0,190.0,15.0,,,1690.0,33.3,0.0,0.0,0.0,0.0,,,May-1993
329,3.0,63.0,1.0,,,0.0,0.0,0.0,139.0,1.0,,,8829.0,33.3,0.0,0.0,0.0,1.0,,,May-2003
330,2.0,122.0,2.0,,,0.0,0.0,2.0,120.0,2.0,,,3252.0,33.3,0.0,0.0,2.0,2.0,,,Oct-2004
331,5.0,134.0,8.0,,,0.0,0.0,1.0,177.0,8.0,,,966.0,80.0,0.0,0.0,0.0,2.0,,,Mar-2000
332,2.0,163.0,18.0,,,0.0,0.0,0.0,165.0,30.0,,,35909.0,0.0,0.0,0.0,0.0,0.0,,,Mar-2001
333,2.0,15.0,13.0,,,0.0,0.0,0.0,211.0,13.0,,,22373.0,0.0,0.0,0.0,0.0,0.0,,,May-1997
334,5.0,132.0,7.0,,,0.0,0.0,0.0,280.0,10.0,,,3761.0,100.0,0.0,0.0,0.0,3.0,,,Aug-1991
335,8.0,120.0,1.0,,,0.0,0.0,0.0,270.0,1.0,,,19186.0,77.8,0.0,0.0,0.0,3.0,,,Jun-1992
336,2.0,135.0,2.0,,,0.0,0.0,0.0,148.0,2.0,,,12228.0,80.0,0.0,0.0,0.0,1.0,,,Aug-2002
337,2.0,144.0,13.0,,,0.0,0.0,0.0,165.0,24.0,,,4181.0,75.0,0.0,0.0,0.0,0.0,,,Mar-2001
338,3.0,136.0,3.0,,,0.0,0.0,0.0,135.0,3.0,,,49851.0,50.0,0.0,0.0,0.0,3.0,,,Aug-2003
339,12.0,46.0,6.0,,,0.0,0.0,0.0,62.0,6.0,,,20174.0,33.3,0.0,0.0,0.0,5.0,,,Oct-2009
340,7.0,130.0,5.0,,,0.0,0.0,1.0,145.0,15.0,,,5728.0,25.0,0.0,0.0,1.0,2.0,,,Sep-2002
341,4.0,130.0,4.0,,,0.0,0.0,0.0,140.0,14.0,,,36135.0,85.7,0.0,0.0,0.0,2.0,,,Oct-1981
342,2.0,55.0,4.0,,,0.0,0.0,0.0,171.0,4.0,,,3818.0,100.0,0.0,0.0,0.0,1.0,,,Sep-2000
343,5.0,122.0,1.0,,,0.0,0.0,0.0,123.0,14.0,,,20209.0,100.0,0.0,0.0,0.0,1.0,,,Sep-2004
344,2.0,,13.0,,,0.0,0.0,1.0,177.0,13.0,,,8632.0,63.6,0.0,0.0,0.0,0.0,,,Mar-2000
345,8.0,278.0,11.0,,,0.0,0.0,0.0,278.0,11.0,,,2461.0,100.0,0.0,0.0,0.0,1.0,,,Oct-1991
346,2.0,123.0,14.0,,,0.0,0.0,1.0,243.0,16.0,,,22759.0,50.0,0.0,0.0,0.0,0.0,,,Dec-1992
347,1.0,143.0,11.0,,,0.0,0.0,0.0,208.0,11.0,,,19995.0,50.0,0.0,0.0,0.0,1.0,,,Aug-1997
348,2.0,135.0,4.0,,,0.0,0.0,0.0,133.0,4.0,,,7318.0,50.0,0.0,0.0,0.0,1.0,,,Sep-2003
349,2.0,134.0,15.0,,,0.0,0.0,0.0,168.0,90.0,,,3579.0,0.0,0.0,0.0,0.0,0.0,,,Apr-1998
350,4.0,108.0,3.0,,,0.0,0.0,2.0,174.0,5.0,,,20495.0,50.0,0.0,0.0,0.0,3.0,,,Feb-1997
351,3.0,172.0,1.0,,,0.0,0.0,0.0,454.0,1.0,,,1545.0,50.0,0.0,0.0,0.0,3.0,,,Feb-1977
352,1.0,52.0,22.0,,,0.0,0.0,0.0,94.0,22.0,,,4558.0,66.7,0.0,0.0,0.0,0.0,,,Feb-2007
353,5.0,33.0,4.0,,,0.0,0.0,1.0,159.0,29.0,,,5689.0,66.7,0.0,0.0,0.0,5.0,,,Sep-2001
354,5.0,140.0,2.0,,,0.0,0.0,1.0,189.0,2.0,,,14446.0,33.3,0.0,0.0,0.0,2.0,,,Mar-1999
355,5.0,97.0,4.0,,,0.0,0.0,0.0,85.0,5.0,,,16084.0,33.3,0.0,0.0,0.0,3.0,,,Nov-2006
356,3.0,97.0,4.0,,,0.0,0.0,0.0,283.0,4.0,,,5433.0,50.0,0.0,0.0,0.0,2.0,,,May-1991
357,4.0,105.0,1.0,,,0.0,0.0,0.0,69.0,1.0,,,6218.0,0.0,0.0,0.0,0.0,4.0,,,Mar-2006
358,7.0,63.0,3.0,,,0.0,1.0,0.0,14.0,3.0,,,3532.0,66.7,0.0,0.0,0.0,3.0,,,Sep-2009
359,7.0,153.0,0.0,,,0.0,0.0,0.0,185.0,0.0,,,2229.0,50.0,0.0,0.0,0.0,4.0,,,May-1978
360,7.0,162.0,3.0,,,0.0,0.0,0.0,361.0,3.0,,,16813.0,40.0,0.0,0.0,0.0,6.0,,,Nov-1984
361,10.0,85.0,1.0,,,0.0,0.0,0.0,161.0,1.0,,,1746.0,44.4,0.0,0.0,0.0,5.0,,,Jul-2001
362,6.0,140.0,3.0,,,0.0,0.0,0.0,339.0,3.0,,,19559.0,10.0,0.0,0.0,0.0,3.0,,,Sep-1986
363,4.0,123.0,4.0,,,0.0,0.0,0.0,228.0,21.0,,,7377.0,0.0,0.0,0.0,0.0,2.0,,,Dec-1995
364,5.0,135.0,2.0,,,0.0,0.0,0.0,103.0,2.0,,,12359.0,100.0,0.0,0.0,0.0,2.0,,,Sep-2003
365,6.0,118.0,5.0,,,0.0,0.0,1.0,116.0,5.0,,,7253.0,50.0,0.0,0.0,0.0,2.0,,,Feb-2005
366,6.0,139.0,3.0,,,0.0,0.0,0.0,194.0,4.0,,,21805.0,60.0,0.0,0.0,0.0,4.0,,,Oct-1998
367,5.0,134.0,2.0,,,1.0,0.0,1.0,203.0,2.0,,,8633.0,,0.0,0.0,1.0,2.0,,,Jan-1998
368,2.0,158.0,16.0,,,0.0,0.0,1.0,294.0,44.0,,,6134.0,66.7,0.0,0.0,0.0,0.0,,,Jun-1990
369,16.0,154.0,2.0,,,0.0,0.0,0.0,118.0,2.0,,,1405.0,53.3,0.0,0.0,0.0,5.0,,,Feb-2002
370,2.0,126.0,9.0,,,0.0,0.0,0.0,163.0,44.0,,,46588.0,0.0,0.0,0.0,0.0,1.0,,,May-2001
371,0.0,143.0,62.0,,,0.0,0.0,0.0,172.0,91.0,,,5350.0,50.0,0.0,0.0,0.0,0.0,,,Aug-2000
372,5.0,46.0,2.0,,,0.0,0.0,0.0,294.0,13.0,,,32741.0,75.0,0.0,0.0,0.0,1.0,,,Jun-1990
373,5.0,34.0,2.0,,,0.0,0.0,0.0,42.0,7.0,,,4278.0,0.0,0.0,0.0,0.0,3.0,,,Jun-2011
374,9.0,153.0,5.0,,,0.0,0.0,0.0,101.0,5.0,,,16277.0,100.0,0.0,0.0,0.0,7.0,,,Mar-2002
375,5.0,126.0,8.0,,,0.0,0.0,0.0,91.0,8.0,,,8434.0,60.0,0.0,0.0,0.0,3.0,,,Jul-2000
376,2.0,,12.0,,,0.0,0.0,0.0,171.0,12.0,,,1230.0,28.6,0.0,0.0,0.0,1.0,,,Sep-2000
377,6.0,134.0,4.0,,,0.0,0.0,0.0,174.0,4.0,,,14824.0,60.0,0.0,0.0,0.0,3.0,,,Jun-2000
378,5.0,141.0,6.0,,,0.0,0.0,1.0,151.0,6.0,,,36495.0,100.0,0.0,0.0,0.0,2.0,,,May-2002
379,7.0,124.0,4.0,,,0.0,0.0,0.0,116.0,14.0,,,14831.0,75.0,0.0,0.0,0.0,1.0,,,Aug-2004
380,7.0,147.0,6.0,,,0.0,0.0,0.0,223.0,12.0,,,41567.0,40.0,0.0,0.0,0.0,4.0,,,May-1996
381,3.0,256.0,3.0,,,0.0,0.0,2.0,280.0,3.0,,,47634.0,100.0,0.0,0.0,0.0,2.0,,,Aug-1991
382,8.0,133.0,5.0,,,0.0,0.0,0.0,287.0,5.0,,,1220.0,85.7,0.0,0.0,0.0,2.0,,,Jan-1991
383,9.0,166.0,5.0,,,0.0,0.0,0.0,167.0,5.0,,,20703.0,66.7,0.0,0.0,0.0,2.0,,,Jan-2001
384,3.0,91.0,5.0,,,0.0,0.0,0.0,158.0,5.0,,,3076.0,66.7,0.0,0.0,0.0,1.0,,,Jul-2001
385,6.0,168.0,8.0,,,0.0,0.0,0.0,169.0,13.0,,,2783.0,20.0,0.0,0.0,0.0,1.0,,,Nov-2000
386,6.0,80.0,4.0,,,0.0,0.0,0.0,81.0,11.0,,,6050.0,33.3,0.0,0.0,0.0,4.0,,,Apr-1994
387,8.0,86.0,7.0,,,0.0,0.0,0.0,120.0,15.0,,,2998.0,37.5,0.0,0.0,0.0,2.0,,,Dec-2004
388,4.0,120.0,11.0,,,0.0,0.0,0.0,115.0,11.0,,,35950.0,100.0,0.0,0.0,0.0,1.0,,,Dec-2004
389,0.0,66.0,25.0,,,0.0,0.0,0.0,67.0,25.0,,,3048.0,33.3,0.0,0.0,0.0,0.0,,,May-2009
390,6.0,141.0,8.0,,,0.0,0.0,0.0,230.0,8.0,,,15419.0,16.7,0.0,0.0,0.0,3.0,,,Oct-1995
391,6.0,131.0,1.0,,,0.0,0.0,0.0,200.0,1.0,,,416.0,14.3,0.0,0.0,0.0,4.0,,,Apr-1998
392,13.0,252.0,1.0,,,0.0,0.0,1.0,166.0,1.0,,,1388.0,57.1,0.0,0.0,0.0,5.0,,,Dec-1993
393,1.0,123.0,20.0,,,0.0,0.0,0.0,101.0,20.0,,,5920.0,100.0,0.0,0.0,0.0,0.0,,,Sep-2004
394,4.0,62.0,6.0,,,0.0,0.0,0.0,81.0,6.0,,,7166.0,33.3,0.0,0.0,0.0,2.0,,,Mar-2008
395,8.0,38.0,3.0,,,0.0,0.0,0.0,29.0,3.0,,,2040.0,100.0,0.0,0.0,0.0,3.0,,,Oct-2011
396,2.0,148.0,14.0,,,0.0,0.0,0.0,263.0,72.0,,,14052.0,100.0,0.0,0.0,0.0,0.0,,,Jan-1993
397,4.0,15.0,3.0,,,0.0,0.0,0.0,125.0,3.0,,,23669.0,100.0,0.0,0.0,0.0,3.0,,,Jul-2004
398,2.0,115.0,17.0,,,0.0,0.0,0.0,94.0,17.0,,,24099.0,50.0,0.0,0.0,0.0,0.0,,,May-2005
399,6.0,76.0,6.0,,,0.0,0.0,1.0,72.0,21.0,,,7023.0,25.0,0.0,0.0,0.0,1.0,,,Aug-2008
400,7.0,131.0,6.0,,,0.0,0.0,0.0,212.0,6.0,,,2089.0,100.0,0.0,0.0,0.0,3.0,,,Apr-1997
401,1.0,122.0,11.0,,,0.0,1.0,0.0,90.0,41.0,,,10333.0,100.0,0.0,0.0,0.0,1.0,,,Oct-2004
402,4.0,166.0,6.0,,,0.0,0.0,0.0,92.0,11.0,,,12922.0,100.0,0.0,0.0,0.0,2.0,,,Feb-2001
403,10.0,130.0,1.0,,,0.0,0.0,0.0,118.0,6.0,,,7488.0,12.5,0.0,0.0,0.0,6.0,,,Feb-2004
404,10.0,63.0,4.0,,,0.0,0.0,0.0,149.0,7.0,,,32483.0,0.0,0.0,0.0,0.0,5.0,,,Jul-2002
405,5.0,136.0,3.0,,,0.0,0.0,2.0,316.0,3.0,,,6047.0,28.6,0.0,1.0,0.0,2.0,,,Aug-1988
406,5.0,175.0,9.0,,,0.0,0.0,3.0,150.0,9.0,,,1991.0,0.0,0.0,0.0,1.0,2.0,,,May-2000
407,1.0,123.0,7.0,,,0.0,0.0,1.0,109.0,7.0,,,20312.0,100.0,0.0,0.0,0.0,1.0,,,Sep-2004
408,5.0,124.0,5.0,,,0.0,0.0,0.0,105.0,47.0,,,24437.0,66.7,0.0,0.0,0.0,2.0,,,Aug-2004
409,4.0,111.0,5.0,,,0.0,0.0,0.0,101.0,5.0,,,1842.0,25.0,0.0,0.0,0.0,2.0,,,Sep-2005
410,2.0,257.0,1.0,,,0.0,0.0,0.0,133.0,1.0,,,2485.0,37.5,0.0,0.0,0.0,2.0,,,Jul-1993
411,5.0,125.0,5.0,,,0.0,0.0,0.0,336.0,5.0,,,1214.0,0.0,0.0,0.0,0.0,3.0,,,Dec-1986
412,11.0,180.0,4.0,,,0.0,0.0,2.0,205.0,4.0,,,15577.0,0.0,0.0,0.0,1.0,5.0,,,Nov-1997
413,2.0,128.0,12.0,,,0.0,0.0,0.0,156.0,51.0,,,2586.0,0.0,0.0,0.0,0.0,1.0,,,Dec-2001
414,11.0,106.0,1.0,,,0.0,0.0,1.0,172.0,1.0,,,820.0,20.0,0.0,0.0,0.0,6.0,,,Aug-2000
415,1.0,26.0,24.0,,,0.0,0.0,0.0,294.0,24.0,,,1993.0,0.0,0.0,0.0,0.0,0.0,,,Jun-1990
416,6.0,408.0,2.0,,,0.0,0.0,0.0,287.0,2.0,,,52732.0,50.0,0.0,0.0,0.0,4.0,,,Dec-1980
417,6.0,24.0,5.0,,,0.0,0.0,0.0,62.0,23.0,,,4923.0,66.7,0.0,0.0,0.0,1.0,,,Oct-2009
418,5.0,100.0,7.0,,,0.0,0.0,0.0,148.0,7.0,,,4230.0,100.0,0.0,0.0,0.0,3.0,,,Aug-2002
419,2.0,43.0,6.0,,,0.0,0.0,0.0,120.0,10.0,,,3910.0,,0.0,0.0,0.0,2.0,,,Mar-2002
420,10.0,253.0,1.0,,,0.0,0.0,0.0,230.0,1.0,,,16608.0,75.0,0.0,0.0,0.0,3.0,,,Nov-1993
421,3.0,118.0,4.0,,,0.0,0.0,6.0,374.0,9.0,,,12925.0,20.0,0.0,1.0,1.0,3.0,,,Oct-1983
422,6.0,15.0,6.0,,,0.0,0.0,0.0,99.0,13.0,,,1379.0,66.7,0.0,0.0,0.0,1.0,,,Sep-2006
423,4.0,161.0,1.0,,,0.0,0.0,1.0,265.0,1.0,,,25767.0,50.0,0.0,0.0,0.0,2.0,,,Nov-1992
424,3.0,169.0,13.0,,,0.0,0.0,0.0,166.0,19.0,,,21624.0,50.0,0.0,0.0,0.0,0.0,,,Nov-2000
425,2.0,116.0,17.0,,,0.0,0.0,0.0,167.0,17.0,,,2431.0,100.0,0.0,0.0,0.0,0.0,,,Jan-2001
426,2.0,64.0,18.0,,,0.0,0.0,0.0,25.0,18.0,,,1123.0,0.0,0.0,0.0,0.0,0.0,,,Aug-2009
427,1.0,72.0,14.0,,,0.0,0.0,2.0,171.0,31.0,,,3034.0,100.0,0.0,0.0,1.0,0.0,,,Sep-2000
428,1.0,36.0,17.0,,,0.0,0.0,0.0,125.0,32.0,,,47096.0,100.0,0.0,0.0,0.0,0.0,,,Jul-2004
429,7.0,143.0,5.0,,,0.0,0.0,0.0,188.0,5.0,,,49464.0,100.0,0.0,0.0,0.0,2.0,,,Apr-1999
430,9.0,127.0,1.0,,,0.0,0.0,0.0,325.0,1.0,,,2844.0,20.0,0.0,0.0,0.0,4.0,,,Nov-1987
431,3.0,4.0,2.0,,,0.0,0.0,0.0,163.0,2.0,,,6333.0,66.7,0.0,0.0,0.0,3.0,,,May-2001
432,11.0,135.0,7.0,,,0.0,0.0,0.0,204.0,7.0,,,9466.0,100.0,0.0,0.0,0.0,2.0,,,Dec-1997
433,6.0,124.0,1.0,,,0.0,0.0,0.0,200.0,1.0,,,2137.0,25.0,0.0,0.0,0.0,4.0,,,Apr-1998
434,2.0,126.0,5.0,,,0.0,0.0,0.0,156.0,5.0,,,2986.0,60.0,0.0,0.0,0.0,1.0,,,Dec-2001
435,5.0,138.0,1.0,,,0.0,0.0,1.0,178.0,1.0,,,19789.0,33.3,0.0,0.0,1.0,4.0,,,Feb-2000
436,8.0,214.0,3.0,,,0.0,0.0,0.0,33.0,3.0,,,7093.0,0.0,0.0,0.0,0.0,7.0,,,Feb-1997
437,4.0,135.0,6.0,,,0.0,0.0,0.0,40.0,6.0,,,12665.0,50.0,0.0,0.0,0.0,2.0,,,Aug-2003
438,2.0,123.0,14.0,,,1.0,0.0,1.0,119.0,14.0,,,6870.0,50.0,0.0,0.0,1.0,0.0,,,Sep-2004
439,6.0,8.0,4.0,,,0.0,0.0,0.0,77.0,4.0,,,1790.0,25.0,0.0,0.0,0.0,4.0,,,Jul-2008
440,4.0,123.0,1.0,,,0.0,0.0,1.0,184.0,18.0,,,42309.0,33.3,0.0,0.0,0.0,1.0,,,Aug-1999
441,2.0,134.0,14.0,,,0.0,0.0,3.0,317.0,24.0,,,15035.0,33.3,0.0,1.0,0.0,0.0,,,Jul-1988
442,0.0,127.0,68.0,,,0.0,0.0,1.0,291.0,68.0,,,2222.0,100.0,0.0,0.0,1.0,0.0,,,Sep-1990
443,0.0,177.0,63.0,,,0.0,0.0,0.0,138.0,63.0,,,7498.0,66.7,0.0,0.0,0.0,0.0,,,Mar-2000
444,2.0,98.0,22.0,,,0.0,0.0,1.0,174.0,22.0,,,40127.0,0.0,0.0,0.0,0.0,0.0,,,Mar-2000
445,7.0,92.0,2.0,,,0.0,0.0,1.0,144.0,2.0,,,1518.0,37.5,0.0,0.0,1.0,4.0,,,Feb-1995
446,8.0,143.0,6.0,,,0.0,0.0,1.0,291.0,7.0,,,21513.0,40.0,0.0,0.0,1.0,3.0,,,Sep-1990
447,3.0,9.0,9.0,,,0.0,0.0,0.0,102.0,23.0,,,2335.0,100.0,0.0,0.0,0.0,1.0,,,Jun-2006
448,3.0,99.0,10.0,,,0.0,0.0,0.0,114.0,14.0,,,5447.0,25.0,0.0,0.0,0.0,1.0,,,Jun-2005
449,6.0,144.0,4.0,,,0.0,0.0,0.0,319.0,4.0,,,12940.0,66.7,0.0,0.0,0.0,2.0,,,May-1988
450,7.0,136.0,1.0,,,0.0,0.0,1.0,178.0,1.0,,,8367.0,66.7,0.0,0.0,0.0,3.0,,,Feb-2000
451,1.0,132.0,15.0,,,0.0,0.0,0.0,278.0,15.0,,,37595.0,50.0,0.0,0.0,0.0,0.0,,,Oct-1991
452,1.0,146.0,14.0,,,0.0,0.0,2.0,206.0,32.0,,,29640.0,33.3,0.0,0.0,0.0,0.0,,,Oct-1997
453,7.0,40.0,2.0,,,0.0,0.0,0.0,47.0,3.0,,,18496.0,33.3,0.0,0.0,0.0,2.0,,,Jun-2009
454,2.0,193.0,20.0,,,0.0,0.0,2.0,238.0,24.0,,,3761.0,80.0,0.0,0.0,0.0,0.0,,,Feb-1995
455,1.0,109.0,23.0,,,0.0,0.0,1.0,158.0,23.0,,,2673.0,50.0,0.0,0.0,1.0,0.0,,,Oct-2001
456,2.0,39.0,10.0,,,0.0,0.0,0.0,79.0,10.0,,,1771.0,0.0,0.0,0.0,0.0,1.0,,,May-2008
457,4.0,39.0,2.0,,,0.0,0.0,0.0,97.0,2.0,,,2017.0,12.5,0.0,0.0,0.0,2.0,,,Nov-2006
458,10.0,129.0,2.0,,,0.0,0.0,0.0,154.0,4.0,,,12211.0,0.0,0.0,0.0,0.0,4.0,,,Feb-2002
459,0.0,112.0,45.0,,,0.0,0.0,0.0,101.0,45.0,,,716.0,0.0,0.0,0.0,0.0,0.0,,,Aug-2005
460,2.0,113.0,6.0,,,0.0,0.0,0.0,114.0,35.0,,,15810.0,40.0,0.0,0.0,0.0,1.0,,,Jun-2005
461,4.0,76.0,13.0,,,0.0,0.0,0.0,76.0,13.0,,,6327.0,75.0,0.0,0.0,0.0,0.0,,,Aug-2008
462,1.0,148.0,13.0,,,0.0,0.0,0.0,229.0,13.0,,,6646.0,100.0,0.0,0.0,0.0,0.0,,,Nov-1995
463,5.0,115.0,5.0,,,0.0,0.0,0.0,148.0,13.0,,,12195.0,25.0,0.0,0.0,0.0,1.0,,,Aug-2002
464,7.0,154.0,4.0,,,0.0,0.0,0.0,122.0,4.0,,,2604.0,0.0,0.0,0.0,0.0,4.0,,,Feb-2002
465,2.0,129.0,10.0,,,0.0,0.0,0.0,150.0,17.0,,,17316.0,66.7,0.0,0.0,0.0,1.0,,,Apr-2002
466,7.0,154.0,15.0,,,0.0,0.0,0.0,150.0,15.0,,,28098.0,66.7,0.0,0.0,0.0,0.0,,,Feb-2002
467,3.0,143.0,3.0,,,0.0,0.0,2.0,233.0,3.0,,,63506.0,50.0,0.0,0.0,1.0,1.0,,,Jul-1995
468,1.0,177.0,3.0,,,0.0,0.0,0.0,207.0,3.0,,,40474.0,0.0,0.0,0.0,0.0,1.0,,,Sep-1997
469,2.0,98.0,8.0,,,0.0,0.0,0.0,96.0,8.0,,,547.0,25.0,0.0,0.0,0.0,1.0,,,Oct-2006
470,3.0,66.0,6.0,,,0.0,0.0,0.0,100.0,35.0,,,16279.0,100.0,0.0,0.0,0.0,1.0,,,Aug-2006
471,4.0,137.0,1.0,,,0.0,0.0,2.0,173.0,1.0,,,2208.0,66.7,0.0,0.0,2.0,4.0,,,Jul-2000
472,4.0,143.0,6.0,,,0.0,0.0,1.0,223.0,6.0,,,4020.0,0.0,0.0,0.0,1.0,1.0,,,May-1996
473,4.0,120.0,4.0,,,0.0,0.0,2.0,177.0,19.0,,,2709.0,100.0,0.0,0.0,0.0,1.0,,,Mar-2000
474,1.0,144.0,15.0,,,0.0,0.0,0.0,287.0,39.0,,,6334.0,50.0,0.0,0.0,0.0,0.0,,,Jan-1991
475,6.0,184.0,4.0,,,0.0,0.0,0.0,141.0,5.0,,,24783.0,66.7,0.0,0.0,0.0,4.0,,,Aug-1999
476,6.0,148.0,8.0,,,0.0,0.0,0.0,290.0,8.0,,,5913.0,66.7,0.0,0.0,0.0,4.0,,,Oct-1990
477,3.0,90.0,7.0,,,0.0,0.0,0.0,429.0,7.0,,,1253.0,14.3,0.0,0.0,0.0,2.0,,,Mar-1979
478,6.0,145.0,5.0,,,0.0,0.0,0.0,245.0,5.0,,,10808.0,33.3,0.0,0.0,0.0,5.0,,,Jul-1994
479,4.0,137.0,5.0,,,0.0,0.0,0.0,123.0,5.0,,,28387.0,0.0,0.0,0.0,0.0,3.0,,,Jul-2003
480,2.0,156.0,6.0,,,0.0,0.0,0.0,91.0,6.0,,,3300.0,25.0,0.0,0.0,0.0,1.0,,,Dec-2001
481,4.0,124.0,9.0,,,0.0,0.0,1.0,169.0,9.0,,,681.0,100.0,0.0,0.0,0.0,2.0,,,Nov-2000
482,0.0,106.0,32.0,,,0.0,0.0,0.0,236.0,34.0,,,1795.0,20.0,0.0,0.0,0.0,0.0,,,Apr-1995
483,6.0,189.0,5.0,,,0.0,0.0,0.0,233.0,5.0,,,22835.0,33.3,0.0,0.0,0.0,1.0,,,Jul-1995
484,5.0,64.0,6.0,,,0.0,0.0,0.0,112.0,6.0,,,33769.0,42.9,0.0,0.0,0.0,4.0,,,Aug-2005
485,7.0,147.0,2.0,,,0.0,0.0,0.0,139.0,2.0,,,39455.0,0.0,0.0,0.0,0.0,4.0,,,Sep-2002
486,1.0,133.0,15.0,,,0.0,0.0,0.0,142.0,15.0,,,7020.0,0.0,0.0,0.0,0.0,0.0,,,Feb-2003
487,3.0,154.0,8.0,,,0.0,0.0,1.0,451.0,8.0,,,18717.0,12.5,0.0,0.0,0.0,2.0,,,May-1977
488,4.0,64.0,6.0,,,0.0,0.0,1.0,113.0,6.0,,,1243.0,50.0,0.0,0.0,0.0,2.0,,,Jul-2005
489,1.0,93.0,23.0,,,0.0,0.0,0.0,348.0,23.0,,,1990.0,40.0,0.0,0.0,0.0,0.0,,,Apr-1985
490,3.0,132.0,5.0,,,0.0,0.0,1.0,157.0,5.0,,,13205.0,50.0,0.0,0.0,1.0,2.0,,,Nov-2001
491,3.0,169.0,2.0,,,0.0,0.0,1.0,155.0,2.0,,,3969.0,57.1,0.0,0.0,0.0,1.0,,,Nov-2000
492,1.0,122.0,2.0,,,0.0,0.0,1.0,371.0,2.0,,,3008.0,0.0,0.0,0.0,0.0,1.0,,,Jan-1984
493,2.0,184.0,8.0,,,0.0,0.0,0.0,190.0,114.0,,,9712.0,100.0,0.0,0.0,0.0,2.0,,,Feb-1999
494,3.0,255.0,3.0,,,0.0,0.0,1.0,202.0,5.0,,,21538.0,100.0,0.0,0.0,0.0,3.0,,,Sep-1993
495,6.0,136.0,8.0,,,0.0,0.0,0.0,91.0,8.0,,,17460.0,60.0,0.0,0.0,0.0,2.0,,,Aug-2003
496,4.0,145.0,12.0,,,0.0,0.0,0.0,169.0,12.0,,,38933.0,75.0,0.0,0.0,0.0,1.0,,,Nov-2000
497,1.0,53.0,14.0,,,0.0,0.0,0.0,136.0,78.0,,,2906.0,75.0,0.0,0.0,0.0,0.0,,,Aug-2003
498,3.0,165.0,8.0,,,0.0,0.0,0.0,302.0,8.0,,,21519.0,40.0,0.0,0.0,0.0,2.0,,,Oct-1989
499,7.0,277.0,3.0,,,0.0,0.0,0.0,95.0,10.0,,,34055.0,0.0,0.0,0.0,0.0,4.0,,,Nov-1991
500,8.0,94.0,3.0,,,0.0,0.0,0.0,229.0,3.0,,,2952.0,0.0,0.0,0.0,0.0,5.0,,,Nov-1995
501,4.0,129.0,1.0,,,0.0,0.0,1.0,253.0,1.0,,,33124.0,50.0,0.0,0.0,0.0,2.0,,,Nov-1993
502,1.0,124.0,18.0,,,0.0,0.0,0.0,512.0,18.0,,,19258.0,50.0,0.0,0.0,0.0,0.0,,,Apr-1972
503,2.0,126.0,11.0,,,0.0,0.0,0.0,388.0,23.0,,,3367.0,75.0,0.0,0.0,0.0,1.0,,,Aug-1982
504,9.0,129.0,5.0,,,0.0,0.0,0.0,233.0,5.0,,,6486.0,100.0,0.0,0.0,0.0,3.0,,,Jul-1995
505,7.0,130.0,3.0,,,0.0,0.0,1.0,199.0,3.0,,,23182.0,75.0,0.0,0.0,0.0,2.0,,,May-1998
506,4.0,231.0,8.0,,,0.0,0.0,0.0,161.0,18.0,,,16120.0,50.0,0.0,0.0,0.0,2.0,,,Sep-1995
507,4.0,147.0,12.0,,,1.0,0.0,1.0,223.0,12.0,,,8442.0,87.5,0.0,0.0,1.0,3.0,,,May-1996
508,0.0,90.0,27.0,,,0.0,0.0,0.0,220.0,27.0,,,28759.0,75.0,0.0,0.0,0.0,0.0,,,Aug-1996
509,6.0,147.0,2.0,,,0.0,0.0,2.0,182.0,2.0,,,15590.0,60.0,0.0,0.0,0.0,4.0,,,Oct-1999
510,6.0,261.0,2.0,,,0.0,0.0,0.0,95.0,2.0,,,12098.0,100.0,0.0,0.0,0.0,3.0,,,Mar-1993
511,1.0,32.0,18.0,,,0.0,0.0,0.0,95.0,25.0,,,3199.0,75.0,0.0,0.0,0.0,0.0,,,Jan-2007
512,2.0,134.0,3.0,,,0.0,0.0,2.0,313.0,27.0,,,7481.0,50.0,0.0,0.0,1.0,1.0,,,Aug-1988
513,8.0,108.0,2.0,,,0.0,0.0,0.0,103.0,4.0,,,2057.0,50.0,0.0,0.0,0.0,4.0,,,Dec-2005
514,1.0,137.0,12.0,,,0.0,0.0,4.0,240.0,37.0,,,6799.0,100.0,0.0,0.0,3.0,1.0,,,Dec-1994
515,5.0,123.0,7.0,,,0.0,0.0,0.0,87.0,9.0,,,6256.0,28.6,0.0,0.0,0.0,2.0,,,Aug-1991
516,4.0,119.0,3.0,,,0.0,0.0,0.0,103.0,3.0,,,27479.0,0.0,0.0,0.0,0.0,2.0,,,Jan-2005
517,6.0,79.0,1.0,,,0.0,0.0,0.0,354.0,1.0,,,15086.0,100.0,0.0,0.0,0.0,3.0,,,Jun-1985
518,2.0,102.0,7.0,,,0.0,0.0,0.0,292.0,7.0,,,4003.0,50.0,0.0,0.0,0.0,2.0,,,Aug-1990
519,1.0,158.0,20.0,,,0.0,0.0,0.0,173.0,73.0,,,60277.0,100.0,0.0,0.0,0.0,0.0,,,Jul-2000
520,4.0,18.0,15.0,,,0.0,0.0,2.0,387.0,32.0,,,38478.0,66.7,0.0,0.0,0.0,0.0,,,Sep-1982
521,1.0,133.0,8.0,,,0.0,0.0,0.0,146.0,8.0,,,4379.0,0.0,0.0,0.0,0.0,1.0,,,Oct-2002
522,10.0,102.0,3.0,,,0.0,0.0,0.0,223.0,3.0,,,7215.0,20.0,0.0,0.0,0.0,4.0,,,May-1996
523,5.0,42.0,10.0,,,0.0,0.0,0.0,42.0,11.0,,,4858.0,83.3,0.0,0.0,0.0,2.0,,,Jun-2011
524,2.0,139.0,14.0,,,0.0,0.0,0.0,119.0,14.0,,,33076.0,100.0,0.0,0.0,0.0,0.0,,,May-2003
525,2.0,,17.0,,,0.0,0.0,0.0,243.0,17.0,,,14908.0,20.0,0.0,0.0,0.0,0.0,,,Sep-1994
526,10.0,98.0,7.0,,,0.0,0.0,0.0,63.0,7.0,,,9537.0,50.0,0.0,0.0,0.0,5.0,,,Oct-2006
527,5.0,129.0,6.0,,,0.0,0.0,0.0,261.0,6.0,,,15621.0,100.0,0.0,0.0,0.0,2.0,,,Mar-1993
528,3.0,111.0,4.0,,,0.0,0.0,0.0,128.0,4.0,,,26102.0,100.0,0.0,0.0,0.0,1.0,,,Apr-2004
529,6.0,139.0,8.0,,,0.0,0.0,0.0,341.0,8.0,,,1349.0,0.0,0.0,0.0,0.0,3.0,,,Jul-1986
530,8.0,126.0,2.0,,,0.0,0.0,1.0,204.0,2.0,,,14841.0,100.0,0.0,0.0,0.0,4.0,,,Dec-1997
531,4.0,88.0,3.0,,,0.0,0.0,1.0,292.0,13.0,,,21082.0,25.0,0.0,0.0,0.0,1.0,,,Aug-1990
532,4.0,128.0,11.0,,,0.0,0.0,0.0,151.0,11.0,,,9155.0,0.0,0.0,0.0,0.0,1.0,,,May-2002
533,3.0,101.0,16.0,,,0.0,0.0,0.0,215.0,16.0,,,3921.0,40.0,0.0,0.0,0.0,0.0,,,Jan-1997
534,6.0,171.0,13.0,,,0.0,0.0,0.0,38.0,13.0,,,2566.0,75.0,0.0,0.0,0.0,0.0,,,Sep-2000
535,2.0,36.0,23.0,,,0.0,0.0,0.0,174.0,23.0,,,1987.0,0.0,0.0,0.0,0.0,0.0,,,Jun-2000
536,5.0,32.0,11.0,,,0.0,0.0,0.0,128.0,11.0,,,2706.0,71.4,0.0,0.0,0.0,1.0,,,Apr-2004
537,3.0,121.0,3.0,,,0.0,0.0,1.0,349.0,3.0,,,36380.0,0.0,0.0,0.0,0.0,2.0,,,Nov-1985
538,10.0,128.0,1.0,,,0.0,0.0,0.0,177.0,1.0,,,2967.0,18.2,0.0,0.0,0.0,6.0,,,Mar-2000
539,3.0,104.0,12.0,,,0.0,0.0,0.0,327.0,17.0,,,13309.0,60.0,0.0,0.0,0.0,1.0,,,Sep-1987
540,3.0,134.0,4.0,,,0.0,0.0,2.0,176.0,41.0,,,10171.0,0.0,0.0,0.0,0.0,1.0,,,Apr-2000
541,2.0,92.0,10.0,,,0.0,0.0,0.0,102.0,13.0,,,11973.0,33.3,0.0,0.0,0.0,1.0,,,Jun-2006
542,7.0,149.0,1.0,,,0.0,0.0,0.0,205.0,1.0,,,5047.0,50.0,0.0,0.0,0.0,5.0,,,Nov-1997
543,5.0,111.0,12.0,,,0.0,0.0,0.0,229.0,18.0,,,23944.0,100.0,0.0,0.0,0.0,1.0,,,Apr-1993
544,5.0,39.0,6.0,,,0.0,0.0,0.0,36.0,6.0,,,5887.0,0.0,0.0,0.0,0.0,4.0,,,Sep-2011
545,12.0,111.0,1.0,,,0.0,0.0,0.0,301.0,5.0,,,2462.0,33.3,0.0,0.0,0.0,7.0,,,Nov-1989
546,1.0,97.0,13.0,,,0.0,0.0,0.0,113.0,13.0,,,1549.0,16.7,0.0,0.0,0.0,0.0,,,Jul-2005
547,5.0,103.0,1.0,,,0.0,0.0,0.0,133.0,6.0,,,1400.0,100.0,0.0,0.0,0.0,3.0,,,Nov-2003
548,5.0,130.0,2.0,,,0.0,0.0,0.0,240.0,2.0,,,2491.0,33.3,0.0,0.0,0.0,4.0,,,Dec-1994
549,3.0,129.0,6.0,,,0.0,0.0,0.0,550.0,19.0,,,18325.0,66.7,0.0,0.0,0.0,1.0,,,Feb-1969
550,3.0,,19.0,,,0.0,0.0,0.0,172.0,19.0,,,11723.0,0.0,0.0,0.0,0.0,0.0,,,Aug-2000
551,2.0,33.0,14.0,,,0.0,0.0,0.0,231.0,14.0,,,4862.0,0.0,0.0,0.0,0.0,0.0,,,Sep-1995
552,11.0,161.0,2.0,,,0.0,0.0,0.0,195.0,2.0,,,8729.0,80.0,0.0,0.0,0.0,5.0,,,Sep-1998
553,1.0,213.0,8.0,,,0.0,0.0,0.0,267.0,8.0,,,4651.0,75.0,0.0,0.0,0.0,1.0,,,Sep-1992
554,14.0,131.0,5.0,,,0.0,0.0,1.0,133.0,7.0,,,2494.0,40.0,0.0,0.0,0.0,12.0,,,Nov-2003
555,7.0,144.0,2.0,,,0.0,0.0,1.0,182.0,2.0,,,6405.0,0.0,0.0,0.0,0.0,6.0,,,Jan-1998
556,1.0,195.0,3.0,,,0.0,0.0,0.0,194.0,30.0,,,31919.0,100.0,0.0,0.0,0.0,1.0,,,Sep-1998
557,3.0,232.0,10.0,,,0.0,0.0,2.0,136.0,18.0,,,34151.0,50.0,0.0,0.0,0.0,1.0,,,Aug-1995
558,10.0,95.0,3.0,,,0.0,0.0,0.0,280.0,3.0,,,2580.0,100.0,0.0,0.0,0.0,4.0,,,Aug-1991
559,3.0,121.0,1.0,,,0.0,0.0,0.0,112.0,1.0,,,7611.0,60.0,0.0,0.0,0.0,2.0,,,Nov-2004
560,4.0,113.0,4.0,,,0.0,0.0,2.0,359.0,13.0,,,38521.0,80.0,0.0,0.0,1.0,3.0,,,Jan-1985
561,7.0,56.0,5.0,,,0.0,0.0,0.0,120.0,5.0,,,1597.0,16.7,0.0,0.0,0.0,3.0,,,Dec-2004
562,3.0,135.0,1.0,,,0.0,0.0,3.0,122.0,1.0,,,4436.0,0.0,0.0,0.0,3.0,2.0,,,Sep-2003
563,7.0,125.0,3.0,,,0.0,0.0,0.0,224.0,3.0,,,9140.0,33.3,0.0,0.0,0.0,5.0,,,Apr-1996
564,3.0,99.0,4.0,,,0.0,0.0,0.0,180.0,4.0,,,4039.0,16.7,0.0,0.0,0.0,2.0,,,Dec-1999
565,11.0,119.0,2.0,,,0.0,0.0,0.0,145.0,2.0,,,16960.0,0.0,0.0,0.0,0.0,2.0,,,Nov-2002
566,2.0,124.0,9.0,,,0.0,0.0,1.0,295.0,9.0,,,2504.0,0.0,0.0,1.0,0.0,1.0,,,May-1990
567,6.0,135.0,3.0,,,0.0,0.0,0.0,183.0,3.0,,,19631.0,33.3,0.0,0.0,0.0,2.0,,,Sep-1999
568,5.0,164.0,15.0,,,0.0,0.0,0.0,375.0,15.0,,,13172.0,0.0,0.0,0.0,0.0,0.0,,,Sep-1983
569,6.0,29.0,6.0,,,0.0,0.0,0.0,269.0,6.0,,,35794.0,20.0,0.0,0.0,0.0,1.0,,,Jul-1992
570,1.0,123.0,12.0,,,0.0,1.0,0.0,266.0,12.0,,,96031.0,66.7,0.0,0.0,0.0,1.0,,,Oct-1992
571,5.0,121.0,9.0,,,0.0,0.0,1.0,119.0,9.0,,,30710.0,0.0,0.0,0.0,0.0,3.0,,,Mar-2004
572,2.0,77.0,4.0,,,0.0,0.0,0.0,261.0,17.0,,,7635.0,66.7,0.0,0.0,0.0,1.0,,,Mar-1993
573,2.0,139.0,2.0,,,0.0,0.0,0.0,140.0,2.0,,,9387.0,57.1,0.0,0.0,0.0,2.0,,,Apr-2003
574,5.0,41.0,5.0,,,0.0,0.0,1.0,248.0,19.0,,,28250.0,0.0,0.0,0.0,0.0,2.0,,,Apr-1994
575,1.0,146.0,8.0,,,0.0,0.0,0.0,201.0,8.0,,,1302.0,25.0,0.0,0.0,0.0,1.0,,,Mar-1998
576,6.0,178.0,2.0,,,0.0,0.0,1.0,261.0,3.0,,,5471.0,50.0,0.0,0.0,1.0,5.0,,,Mar-1993
577,14.0,172.0,7.0,,,0.0,0.0,0.0,380.0,7.0,,,4062.0,70.0,0.0,0.0,0.0,5.0,,,Apr-1983
578,4.0,139.0,21.0,,,0.0,0.0,0.0,203.0,21.0,,,28083.0,14.3,0.0,0.0,0.0,0.0,,,Jan-1998
579,6.0,167.0,15.0,,,0.0,0.0,1.0,253.0,15.0,,,2666.0,20.0,0.0,0.0,0.0,0.0,,,Nov-1993
580,9.0,206.0,4.0,,,0.0,0.0,0.0,123.0,4.0,,,46734.0,14.3,0.0,0.0,0.0,4.0,,,Oct-1997
581,6.0,126.0,5.0,,,0.0,0.0,0.0,160.0,14.0,,,20243.0,100.0,0.0,0.0,0.0,2.0,,,Aug-2001
582,4.0,120.0,3.0,,,0.0,0.0,2.0,148.0,3.0,,,19036.0,0.0,0.0,0.0,0.0,2.0,,,Aug-2002
583,4.0,150.0,3.0,,,0.0,0.0,1.0,174.0,4.0,,,8714.0,75.0,0.0,0.0,0.0,3.0,,,Jun-2000
584,11.0,131.0,3.0,,,0.0,0.0,0.0,299.0,3.0,,,9082.0,5.9,0.0,0.0,0.0,7.0,,,Jan-1990
585,4.0,173.0,1.0,,,0.0,0.0,0.0,156.0,1.0,,,1164.0,11.1,0.0,0.0,0.0,3.0,,,Jul-2000
586,0.0,138.0,33.0,,,0.0,0.0,1.0,443.0,33.0,,,20780.0,42.9,0.0,0.0,0.0,0.0,,,Jan-1978
587,6.0,150.0,1.0,,,0.0,0.0,0.0,147.0,1.0,,,15076.0,75.0,0.0,0.0,0.0,2.0,,,Jun-2002
588,8.0,231.0,2.0,,,0.0,0.0,0.0,342.0,2.0,,,2440.0,46.7,0.0,0.0,0.0,4.0,,,Jun-1986
589,3.0,116.0,13.0,,,0.0,0.0,0.0,136.0,13.0,,,41813.0,25.0,0.0,0.0,0.0,0.0,,,Aug-2003
590,2.0,127.0,14.0,,,0.0,0.0,0.0,343.0,14.0,,,9290.0,14.3,0.0,0.0,0.0,0.0,,,May-1986
591,6.0,134.0,5.0,,,0.0,0.0,0.0,213.0,14.0,,,18257.0,25.0,0.0,0.0,0.0,1.0,,,Mar-1997
592,5.0,137.0,1.0,,,0.0,0.0,0.0,268.0,1.0,,,10579.0,16.7,0.0,0.0,0.0,5.0,,,Aug-1992
593,1.0,114.0,13.0,,,0.0,0.0,0.0,459.0,39.0,,,63271.0,0.0,0.0,0.0,0.0,0.0,,,Sep-1976
594,4.0,88.0,15.0,,,0.0,0.0,0.0,77.0,15.0,,,6923.0,83.3,0.0,0.0,0.0,0.0,,,Aug-2007
595,7.0,107.0,7.0,,,0.0,0.0,0.0,161.0,7.0,,,16317.0,50.0,0.0,0.0,0.0,3.0,,,Jul-2001
596,10.0,100.0,2.0,,,0.0,0.0,0.0,121.0,2.0,,,15427.0,80.0,0.0,0.0,0.0,5.0,,,Nov-2004
597,15.0,118.0,0.0,,,0.0,0.0,0.0,108.0,0.0,,,6613.0,50.0,0.0,0.0,0.0,11.0,,,Feb-2005
598,5.0,99.0,7.0,,,0.0,0.0,0.0,142.0,23.0,,,34457.0,0.0,0.0,0.0,0.0,1.0,,,Feb-2003
599,0.0,141.0,26.0,,,0.0,0.0,0.0,219.0,58.0,,,72759.0,100.0,0.0,0.0,0.0,0.0,,,Sep-1996
600,3.0,121.0,5.0,,,0.0,0.0,0.0,175.0,74.0,,,22282.0,100.0,0.0,0.0,0.0,2.0,,,May-2000
601,1.0,128.0,4.0,,,0.0,0.0,0.0,157.0,4.0,,,4786.0,66.7,0.0,0.0,0.0,1.0,,,Nov-2001
602,7.0,170.0,6.0,,,0.0,0.0,0.0,49.0,6.0,,,7964.0,50.0,0.0,0.0,0.0,4.0,,,Oct-2000
603,6.0,27.0,1.0,,,0.0,0.0,0.0,87.0,12.0,,,2270.0,0.0,0.0,0.0,0.0,5.0,,,Sep-2007
604,4.0,159.0,4.0,,,0.0,0.0,0.0,439.0,4.0,,,5003.0,16.7,0.0,0.0,0.0,3.0,,,May-1978
605,7.0,167.0,17.0,,,0.0,0.0,0.0,158.0,17.0,,,1917.0,0.0,0.0,0.0,0.0,0.0,,,Jan-2001
606,14.0,146.0,6.0,,,0.0,0.0,0.0,262.0,6.0,,,63247.0,100.0,0.0,0.0,0.0,5.0,,,Feb-1993
607,4.0,40.0,2.0,,,0.0,0.0,0.0,208.0,2.0,,,2317.0,83.3,0.0,0.0,0.0,4.0,,,Aug-1997
608,1.0,192.0,7.0,,,0.0,0.0,0.0,181.0,63.0,,,6127.0,100.0,0.0,0.0,0.0,1.0,,,Dec-1998
609,5.0,219.0,12.0,,,0.0,0.0,0.0,154.0,12.0,,,4594.0,100.0,0.0,0.0,0.0,1.0,,,Sep-1996
610,2.0,212.0,15.0,,,0.0,0.0,0.0,148.0,66.0,,,28041.0,0.0,0.0,0.0,0.0,0.0,,,Apr-1997
611,5.0,226.0,2.0,,,0.0,0.0,0.0,190.0,2.0,,,6047.0,100.0,0.0,0.0,0.0,1.0,,,Feb-1996
612,14.0,33.0,2.0,,,0.0,0.0,0.0,146.0,2.0,,,1391.0,25.0,0.0,0.0,0.0,9.0,,,Oct-2002
613,7.0,75.0,3.0,,,0.0,0.0,0.0,178.0,11.0,,,2917.0,12.5,0.0,0.0,0.0,5.0,,,Feb-2000
614,6.0,126.0,5.0,,,0.0,0.0,0.0,236.0,5.0,,,2402.0,0.0,0.0,0.0,0.0,3.0,,,Apr-1995
615,2.0,145.0,9.0,,,0.0,0.0,1.0,452.0,9.0,,,15081.0,60.0,0.0,0.0,1.0,1.0,,,Apr-1977
616,2.0,165.0,15.0,,,0.0,0.0,0.0,264.0,17.0,,,45858.0,100.0,0.0,0.0,0.0,0.0,,,Dec-1992
617,4.0,70.0,2.0,,,0.0,0.0,0.0,251.0,2.0,,,37713.0,16.7,0.0,0.0,0.0,2.0,,,Jan-1994
618,5.0,107.0,7.0,,,0.0,0.0,0.0,111.0,7.0,,,1152.0,50.0,0.0,0.0,0.0,2.0,,,Sep-2005
619,2.0,158.0,4.0,,,0.0,0.0,0.0,195.0,4.0,,,2526.0,33.3,0.0,0.0,0.0,1.0,,,Feb-1987
620,5.0,160.0,6.0,,,0.0,0.0,0.0,107.0,14.0,,,48056.0,75.0,0.0,0.0,0.0,1.0,,,Aug-2001
621,4.0,110.0,6.0,,,0.0,2.0,0.0,256.0,6.0,,,24639.0,60.0,0.0,0.0,0.0,1.0,,,Aug-1993
622,5.0,32.0,15.0,,,0.0,0.0,0.0,144.0,19.0,,,22202.0,100.0,0.0,0.0,0.0,0.0,,,Dec-2002
623,1.0,149.0,13.0,,,0.0,0.0,1.0,91.0,32.0,,,3625.0,75.0,0.0,0.0,0.0,0.0,,,Jul-2002
624,1.0,64.0,11.0,,,0.0,0.0,0.0,162.0,11.0,,,3419.0,50.0,0.0,0.0,0.0,1.0,,,Jun-2001
625,3.0,140.0,13.0,,,0.0,0.0,0.0,267.0,21.0,,,61698.0,100.0,0.0,0.0,0.0,0.0,,,Sep-1992
626,9.0,90.0,4.0,,,1.0,0.0,0.0,172.0,4.0,,,6215.0,40.0,0.0,0.0,0.0,4.0,,,Aug-2000
627,4.0,116.0,5.0,,,0.0,0.0,1.0,260.0,5.0,,,83770.0,0.0,0.0,0.0,0.0,2.0,,,Apr-1993
628,3.0,136.0,10.0,,,0.0,0.0,0.0,283.0,10.0,,,19198.0,42.9,0.0,0.0,0.0,1.0,,,May-1991
629,8.0,20.0,6.0,,,0.0,0.0,1.0,120.0,6.0,,,10507.0,18.2,0.0,0.0,0.0,3.0,,,Dec-2004
630,5.0,148.0,1.0,,,0.0,0.0,1.0,303.0,1.0,,,7462.0,71.4,0.0,0.0,0.0,2.0,,,Sep-1989
631,2.0,,5.0,,,0.0,0.0,0.0,56.0,5.0,,,686.0,0.0,0.0,0.0,0.0,1.0,,,Apr-2010
632,6.0,87.0,1.0,,,0.0,0.0,1.0,89.0,1.0,,,2028.0,33.3,0.0,0.0,0.0,2.0,,,Jul-2007
633,0.0,156.0,30.0,,,0.0,0.0,1.0,137.0,49.0,,,59554.0,100.0,0.0,0.0,0.0,0.0,,,Dec-2001
634,7.0,41.0,5.0,,,0.0,0.0,2.0,359.0,5.0,,,7975.0,25.0,0.0,0.0,0.0,1.0,,,Jan-1985
635,7.0,12.0,2.0,,,0.0,0.0,0.0,39.0,2.0,,,4148.0,0.0,0.0,0.0,0.0,4.0,,,Sep-2011
636,3.0,173.0,6.0,,,0.0,0.0,0.0,197.0,7.0,,,49906.0,33.3,0.0,0.0,0.0,3.0,,,Jul-1998
637,7.0,135.0,3.0,,,0.0,0.0,2.0,299.0,3.0,,,1797.0,20.0,0.0,0.0,0.0,3.0,,,Jan-1990
638,3.0,143.0,18.0,,,0.0,0.0,0.0,173.0,44.0,,,28494.0,20.0,0.0,0.0,0.0,0.0,,,Jul-2000
639,5.0,96.0,2.0,,,0.0,0.0,0.0,196.0,15.0,,,1921.0,0.0,0.0,0.0,0.0,1.0,,,Aug-1998
640,4.0,126.0,5.0,,,0.0,0.0,0.0,183.0,5.0,,,3879.0,25.0,0.0,0.0,0.0,2.0,,,Sep-1999
641,3.0,119.0,8.0,,,0.0,0.0,0.0,128.0,8.0,,,2831.0,87.5,0.0,0.0,0.0,1.0,,,Apr-2004
642,5.0,155.0,2.0,,,0.0,0.0,0.0,129.0,2.0,,,27987.0,0.0,0.0,0.0,0.0,2.0,,,Jan-2002
643,7.0,110.0,2.0,,,0.0,0.0,0.0,76.0,12.0,,,41191.0,0.0,0.0,0.0,0.0,6.0,,,Oct-2005
644,5.0,12.0,7.0,,,0.0,0.0,0.0,137.0,7.0,,,1940.0,0.0,0.0,0.0,0.0,3.0,,,Jul-2003
645,0.0,103.0,69.0,,,0.0,0.0,0.0,369.0,69.0,,,1712.0,0.0,0.0,0.0,0.0,0.0,,,Mar-1984
646,3.0,76.0,12.0,,,0.0,0.0,0.0,118.0,12.0,,,6014.0,100.0,0.0,0.0,0.0,1.0,,,Feb-2005
647,1.0,134.0,1.0,,,0.0,0.0,0.0,200.0,38.0,,,3340.0,80.0,0.0,0.0,0.0,1.0,,,Apr-1998
648,8.0,254.0,4.0,,,0.0,0.0,0.0,142.0,4.0,,,12008.0,33.3,0.0,0.0,0.0,2.0,,,Oct-1993
649,10.0,117.0,5.0,,,0.0,0.0,0.0,177.0,12.0,,,29757.0,0.0,0.0,0.0,0.0,5.0,,,Mar-2000
650,7.0,135.0,8.0,,,0.0,0.0,0.0,491.0,8.0,,,1183.0,11.1,0.0,0.0,0.0,2.0,,,Jan-1974
651,5.0,103.0,2.0,,,0.0,0.0,0.0,160.0,24.0,,,18283.0,100.0,0.0,0.0,0.0,1.0,,,Aug-2001
652,1.0,219.0,1.0,,,0.0,0.0,0.0,167.0,75.0,,,63995.0,100.0,0.0,0.0,0.0,1.0,,,Sep-1996
653,6.0,255.0,7.0,,,0.0,0.0,1.0,291.0,7.0,,,32655.0,25.0,0.0,0.0,0.0,3.0,,,Sep-1990
654,3.0,7.0,7.0,,,0.0,0.0,0.0,190.0,10.0,,,1815.0,66.7,0.0,0.0,0.0,2.0,,,Feb-1999
655,5.0,195.0,3.0,,,0.0,0.0,1.0,229.0,6.0,,,5424.0,0.0,0.0,0.0,0.0,3.0,,,Nov-1995
656,4.0,152.0,3.0,,,0.0,0.0,0.0,357.0,3.0,,,19822.0,75.0,0.0,0.0,0.0,3.0,,,Mar-1985
657,4.0,139.0,4.0,,,0.0,0.0,0.0,271.0,16.0,,,3362.0,25.0,0.0,0.0,0.0,2.0,,,May-1992
658,7.0,255.0,5.0,,,0.0,0.0,2.0,159.0,5.0,,,16900.0,100.0,0.0,0.0,2.0,5.0,,,Sep-1993
659,5.0,141.0,2.0,,,0.0,0.0,4.0,169.0,2.0,,,3148.0,28.6,0.0,0.0,0.0,5.0,,,Nov-2000
660,5.0,74.0,6.0,,,0.0,0.0,0.0,82.0,6.0,,,5365.0,80.0,0.0,0.0,0.0,2.0,,,Nov-2006
661,1.0,232.0,22.0,,,0.0,0.0,0.0,189.0,57.0,,,4725.0,50.0,0.0,0.0,0.0,0.0,,,Aug-1995
662,1.0,27.0,6.0,,,0.0,0.0,0.0,60.0,6.0,,,3712.0,50.0,0.0,0.0,0.0,1.0,,,Dec-2009
663,5.0,151.0,5.0,,,0.0,0.0,0.0,189.0,5.0,,,13530.0,66.7,0.0,0.0,0.0,2.0,,,Mar-1999
664,8.0,94.0,3.0,,,0.0,0.0,0.0,139.0,7.0,,,3448.0,50.0,0.0,0.0,0.0,8.0,,,May-2003
665,9.0,114.0,2.0,,,0.0,0.0,0.0,286.0,2.0,,,37732.0,0.0,0.0,0.0,0.0,5.0,,,Feb-1991
666,4.0,255.0,12.0,,,0.0,0.0,0.0,89.0,12.0,,,2172.0,20.0,0.0,0.0,0.0,1.0,,,Sep-1993
667,4.0,89.0,10.0,,,0.0,0.0,0.0,321.0,12.0,,,6563.0,25.0,0.0,0.0,0.0,3.0,,,Mar-1988
668,0.0,123.0,63.0,,,0.0,0.0,0.0,125.0,94.0,,,4094.0,100.0,0.0,0.0,0.0,0.0,,,Feb-1979
669,6.0,122.0,1.0,,,0.0,0.0,0.0,174.0,1.0,,,7737.0,50.0,0.0,0.0,0.0,3.0,,,Jun-2000
670,2.0,68.0,1.0,,,0.0,0.0,0.0,108.0,1.0,,,1219.0,25.0,0.0,0.0,0.0,2.0,,,Dec-2005
671,5.0,232.0,2.0,,,0.0,0.0,0.0,250.0,2.0,,,35742.0,100.0,0.0,0.0,0.0,3.0,,,Feb-1994
672,4.0,120.0,17.0,,,0.0,0.0,1.0,88.0,17.0,,,4501.0,0.0,0.0,0.0,0.0,0.0,,,Dec-2004
673,3.0,161.0,7.0,,,0.0,0.0,1.0,174.0,7.0,,,15676.0,66.7,0.0,0.0,0.0,1.0,,,Mar-1999
674,6.0,128.0,5.0,,,0.0,0.0,0.0,150.0,9.0,,,3792.0,37.5,0.0,0.0,0.0,3.0,,,Nov-2000
675,3.0,123.0,1.0,,,0.0,0.0,0.0,124.0,5.0,,,27548.0,66.7,0.0,0.0,0.0,3.0,,,Aug-2004
676,3.0,119.0,2.0,,,0.0,0.0,0.0,131.0,2.0,,,2157.0,80.0,0.0,0.0,0.0,2.0,,,Jan-2004
677,5.0,134.0,10.0,,,0.0,0.0,0.0,129.0,10.0,,,22877.0,66.7,0.0,0.0,0.0,2.0,,,Jun-2003
678,1.0,126.0,14.0,,,0.0,0.0,0.0,250.0,36.0,,,2560.0,100.0,0.0,0.0,0.0,0.0,,,Feb-1994
679,3.0,147.0,6.0,,,0.0,0.0,0.0,127.0,77.0,,,3598.0,100.0,0.0,0.0,0.0,1.0,,,Sep-2002
680,4.0,25.0,7.0,,,0.0,0.0,0.0,299.0,7.0,,,2443.0,100.0,0.0,0.0,0.0,2.0,,,Jan-1990
681,12.0,111.0,1.0,,,0.0,0.0,2.0,337.0,1.0,,,33221.0,44.4,0.0,0.0,0.0,6.0,,,Nov-1986
682,8.0,116.0,4.0,,,0.0,0.0,0.0,182.0,4.0,,,35760.0,0.0,0.0,0.0,0.0,7.0,,,Oct-1999
683,5.0,131.0,5.0,,,0.0,0.0,0.0,283.0,5.0,,,12148.0,33.3,0.0,0.0,0.0,4.0,,,May-1991
684,0.0,97.0,31.0,,,0.0,0.0,0.0,167.0,92.0,,,3872.0,100.0,0.0,0.0,0.0,0.0,,,Jan-2001
685,2.0,87.0,13.0,,,0.0,0.0,0.0,132.0,13.0,,,14091.0,33.3,0.0,0.0,0.0,0.0,,,Dec-2003
686,11.0,234.0,1.0,,,0.0,0.0,0.0,172.0,1.0,,,19581.0,0.0,0.0,0.0,0.0,5.0,,,Jun-1995
687,1.0,123.0,6.0,,,0.0,0.0,0.0,127.0,38.0,,,4315.0,0.0,0.0,0.0,0.0,1.0,,,May-2004
688,5.0,114.0,9.0,,,0.0,0.0,1.0,110.0,9.0,,,558.0,0.0,0.0,0.0,0.0,2.0,,,Jun-2005
689,3.0,128.0,1.0,,,0.0,0.0,0.0,160.0,72.0,,,7784.0,0.0,0.0,0.0,0.0,2.0,,,Aug-2001
690,8.0,149.0,2.0,,,0.0,0.0,0.0,167.0,2.0,,,9291.0,0.0,0.0,0.0,0.0,3.0,,,Jan-2001
691,4.0,135.0,13.0,,,0.0,0.0,0.0,135.0,13.0,,,2579.0,50.0,0.0,0.0,0.0,0.0,,,Sep-2003
692,0.0,160.0,28.0,,,0.0,0.0,0.0,161.0,29.0,,,3428.0,0.0,0.0,0.0,0.0,0.0,,,Jul-2001
693,1.0,79.0,15.0,,,0.0,0.0,0.0,54.0,28.0,,,7304.0,66.7,0.0,0.0,0.0,0.0,,,May-2008
694,1.0,181.0,6.0,,,0.0,0.0,0.0,170.0,101.0,,,117229.0,0.0,0.0,0.0,0.0,1.0,,,Nov-1999
695,9.0,124.0,9.0,,,0.0,0.0,0.0,292.0,13.0,,,3520.0,100.0,0.0,0.0,0.0,1.0,,,Aug-1990
696,9.0,140.0,1.0,,,0.0,0.0,0.0,215.0,1.0,,,2900.0,66.7,0.0,0.0,0.0,2.0,,,Jan-1997
697,6.0,140.0,11.0,,,0.0,0.0,0.0,118.0,13.0,,,97108.0,33.3,0.0,0.0,0.0,1.0,,,Apr-2003
698,10.0,144.0,7.0,,,0.0,0.0,0.0,321.0,10.0,,,11630.0,20.0,0.0,0.0,0.0,3.0,,,Mar-1988
699,5.0,67.0,5.0,,,0.0,0.0,0.0,67.0,5.0,,,8670.0,25.0,0.0,0.0,0.0,1.0,,,May-2009
700,7.0,197.0,1.0,,,0.0,0.0,0.0,193.0,1.0,,,14375.0,40.0,0.0,0.0,0.0,3.0,,,Jul-1998
701,7.0,128.0,4.0,,,0.0,0.0,0.0,442.0,4.0,,,1541.0,100.0,0.0,0.0,0.0,3.0,,,Feb-1978
702,3.0,189.0,4.0,,,0.0,0.0,0.0,108.0,14.0,,,8152.0,100.0,0.0,0.0,0.0,1.0,,,Mar-1999
703,2.0,143.0,5.0,,,0.0,0.0,0.0,165.0,5.0,,,20325.0,100.0,0.0,0.0,0.0,1.0,,,Mar-2001
704,2.0,149.0,14.0,,,0.0,0.0,0.0,288.0,14.0,,,3465.0,50.0,0.0,0.0,0.0,0.0,,,Dec-1990
705,3.0,123.0,5.0,,,0.0,0.0,0.0,169.0,42.0,,,40332.0,100.0,0.0,0.0,0.0,3.0,,,Nov-2000
706,3.0,133.0,6.0,,,0.0,0.0,4.0,345.0,6.0,,,61047.0,100.0,0.0,0.0,0.0,1.0,,,Mar-1986
707,7.0,45.0,5.0,,,0.0,0.0,0.0,122.0,5.0,,,1353.0,80.0,0.0,0.0,0.0,1.0,,,Nov-2002
708,2.0,,6.0,,,0.0,0.0,0.0,41.0,6.0,,,355.0,0.0,0.0,0.0,0.0,2.0,,,Jul-2011
709,13.0,112.0,3.0,,,0.0,0.0,0.0,68.0,3.0,,,1167.0,66.7,0.0,0.0,0.0,4.0,,,Aug-2005
710,11.0,123.0,4.0,,,0.0,0.0,0.0,119.0,4.0,,,2215.0,28.6,0.0,0.0,0.0,2.0,,,Sep-2004
711,4.0,148.0,10.0,,,0.0,0.0,4.0,174.0,33.0,,,6349.0,100.0,0.0,0.0,0.0,2.0,,,Jun-2000
712,5.0,146.0,4.0,,,0.0,0.0,0.0,160.0,8.0,,,47917.0,50.0,0.0,0.0,0.0,3.0,,,Aug-2001
713,9.0,75.0,1.0,,,0.0,0.0,0.0,165.0,1.0,,,3654.0,62.5,0.0,0.0,0.0,5.0,,,Mar-2001
714,8.0,,1.0,,,0.0,0.0,0.0,63.0,1.0,,,921.0,0.0,0.0,0.0,0.0,1.0,,,Sep-2009
715,7.0,139.0,7.0,,,0.0,0.0,0.0,218.0,7.0,,,1424.0,100.0,0.0,0.0,0.0,1.0,,,Oct-1996
716,3.0,98.0,2.0,,,0.0,0.0,2.0,225.0,2.0,,,11762.0,50.0,0.0,0.0,0.0,3.0,,,Mar-1996
717,0.0,141.0,29.0,,,0.0,0.0,1.0,375.0,29.0,,,1066.0,100.0,0.0,0.0,0.0,0.0,,,Sep-1983
718,1.0,122.0,7.0,,,1.0,0.0,1.0,128.0,7.0,,,6043.0,75.0,0.0,0.0,1.0,1.0,,,Apr-2004
719,5.0,166.0,9.0,,,0.0,0.0,0.0,182.0,9.0,,,21527.0,0.0,0.0,0.0,0.0,4.0,,,Oct-1999
720,7.0,33.0,1.0,,,0.0,0.0,1.0,307.0,1.0,,,2848.0,20.0,0.0,0.0,0.0,3.0,,,May-1989
721,4.0,113.0,1.0,,,0.0,0.0,0.0,151.0,1.0,,,8979.0,44.4,0.0,0.0,0.0,3.0,,,May-2002
722,1.0,102.0,17.0,,,0.0,0.0,0.0,164.0,17.0,,,17955.0,100.0,0.0,0.0,0.0,0.0,,,Apr-2001
723,2.0,122.0,11.0,,,0.0,0.0,0.0,158.0,30.0,,,10703.0,100.0,0.0,0.0,0.0,1.0,,,Oct-2001
724,4.0,160.0,4.0,,,0.0,0.0,0.0,163.0,7.0,,,3817.0,50.0,0.0,0.0,0.0,2.0,,,May-2001
725,4.0,145.0,11.0,,,0.0,0.0,0.0,334.0,11.0,,,48737.0,100.0,0.0,0.0,0.0,2.0,,,Feb-1987
726,8.0,152.0,12.0,,,0.0,0.0,2.0,116.0,13.0,,,13288.0,0.0,0.0,0.0,0.0,1.0,,,Apr-2002
727,11.0,130.0,3.0,,,0.0,0.0,0.0,60.0,3.0,,,5089.0,0.0,0.0,0.0,0.0,8.0,,,Feb-2004
728,1.0,91.0,5.0,,,0.0,0.0,0.0,265.0,5.0,,,22976.0,0.0,0.0,0.0,0.0,1.0,,,Nov-1992
729,1.0,48.0,10.0,,,0.0,0.0,0.0,97.0,10.0,,,2269.0,100.0,0.0,0.0,0.0,1.0,,,Nov-2006
730,3.0,111.0,7.0,,,0.0,0.0,2.0,294.0,22.0,,,23416.0,66.7,0.0,0.0,0.0,1.0,,,Jun-1990
731,2.0,151.0,1.0,,,0.0,0.0,0.0,191.0,1.0,,,77101.0,0.0,0.0,0.0,0.0,2.0,,,Jan-1999
732,6.0,120.0,5.0,,,0.0,0.0,0.0,141.0,5.0,,,1983.0,0.0,0.0,0.0,0.0,5.0,,,Mar-2003
733,4.0,120.0,3.0,,,0.0,0.0,0.0,141.0,3.0,,,9875.0,100.0,0.0,0.0,0.0,3.0,,,Mar-2003
734,2.0,88.0,5.0,,,0.0,0.0,0.0,106.0,5.0,,,38.0,0.0,0.0,0.0,0.0,1.0,,,Feb-2006
735,7.0,112.0,12.0,,,0.0,0.0,0.0,211.0,13.0,,,20224.0,45.5,0.0,0.0,0.0,1.0,,,Dec-1985
736,2.0,,15.0,,,0.0,0.0,1.0,441.0,19.0,,,66018.0,100.0,0.0,0.0,0.0,0.0,,,Mar-1978
737,4.0,165.0,4.0,,,0.0,0.0,0.0,211.0,27.0,,,18374.0,33.3,0.0,0.0,0.0,2.0,,,May-1997
738,4.0,36.0,9.0,,,0.0,0.0,0.0,57.0,9.0,,,1672.0,75.0,0.0,0.0,0.0,2.0,,,Mar-2010
739,3.0,148.0,4.0,,,0.0,0.0,2.0,326.0,4.0,,,5537.0,100.0,0.0,0.0,0.0,2.0,,,Dec-1976
740,7.0,163.0,8.0,,,0.0,0.0,0.0,213.0,8.0,,,1872.0,0.0,0.0,0.0,0.0,3.0,,,Mar-1997
741,0.0,129.0,39.0,,,0.0,1.0,0.0,142.0,39.0,,,31168.0,80.0,0.0,0.0,0.0,0.0,,,Feb-2003
742,8.0,119.0,3.0,,,0.0,0.0,0.0,152.0,14.0,,,3288.0,25.0,0.0,0.0,0.0,2.0,,,Apr-2002
743,5.0,186.0,3.0,,,0.0,0.0,0.0,236.0,6.0,,,27319.0,100.0,0.0,0.0,0.0,3.0,,,Apr-1995
744,3.0,121.0,5.0,,,0.0,0.0,0.0,143.0,54.0,,,34468.0,0.0,0.0,0.0,0.0,2.0,,,Apr-2000
745,1.0,144.0,12.0,,,0.0,0.0,2.0,165.0,12.0,,,16025.0,66.7,0.0,0.0,1.0,1.0,,,Mar-2001
746,0.0,158.0,37.0,,,0.0,0.0,0.0,135.0,51.0,,,3303.0,100.0,0.0,0.0,0.0,0.0,,,Oct-2001
747,3.0,68.0,1.0,,,0.0,0.0,0.0,365.0,1.0,,,53633.0,0.0,0.0,0.0,0.0,2.0,,,Jul-1984
748,4.0,25.0,7.0,,,0.0,0.0,0.0,108.0,7.0,,,982.0,100.0,0.0,0.0,0.0,1.0,,,Dec-2005
749,2.0,184.0,12.0,,,0.0,0.0,0.0,184.0,12.0,,,46574.0,100.0,0.0,0.0,0.0,2.0,,,Aug-1999
750,4.0,171.0,5.0,,,0.0,0.0,0.0,142.0,5.0,,,6518.0,83.3,0.0,0.0,0.0,1.0,,,Sep-2000
751,3.0,182.0,2.0,,,0.0,0.0,0.0,174.0,2.0,,,10242.0,0.0,0.0,0.0,0.0,3.0,,,Oct-1999
752,7.0,279.0,5.0,,,0.0,0.0,0.0,167.0,16.0,,,20980.0,50.0,0.0,0.0,0.0,4.0,,,Sep-1991
753,3.0,16.0,5.0,,,0.0,0.0,0.0,107.0,5.0,,,2289.0,25.0,0.0,0.0,0.0,1.0,,,Jan-2006
754,4.0,97.0,3.0,,,0.0,0.0,0.0,109.0,3.0,,,52033.0,100.0,0.0,0.0,0.0,3.0,,,Nov-2005
755,6.0,129.0,4.0,,,0.0,0.0,0.0,239.0,4.0,,,62867.0,66.7,0.0,0.0,0.0,2.0,,,Jan-1995
756,2.0,133.0,5.0,,,0.0,0.0,0.0,153.0,46.0,,,21302.0,0.0,0.0,0.0,0.0,2.0,,,Mar-2002
757,1.0,120.0,11.0,,,0.0,0.0,0.0,75.0,11.0,,,4395.0,100.0,0.0,0.0,0.0,1.0,,,Dec-2004
758,5.0,31.0,6.0,,,0.0,0.0,0.0,74.0,6.0,,,35639.0,0.0,0.0,0.0,0.0,2.0,,,Nov-2004
759,3.0,112.0,1.0,,,0.0,0.0,1.0,165.0,7.0,,,2257.0,25.0,0.0,0.0,0.0,3.0,,,Mar-2001
760,2.0,163.0,14.0,,,0.0,0.0,1.0,304.0,14.0,,,8162.0,0.0,0.0,0.0,0.0,0.0,,,Aug-1989
761,2.0,263.0,12.0,,,0.0,0.0,0.0,389.0,12.0,,,2886.0,0.0,0.0,0.0,0.0,1.0,,,Jul-1982
762,3.0,15.0,6.0,,,0.0,0.0,0.0,61.0,29.0,,,3542.0,33.3,0.0,0.0,0.0,1.0,,,Nov-2009
763,3.0,145.0,2.0,,,0.0,0.0,0.0,205.0,2.0,,,25010.0,25.0,0.0,0.0,0.0,1.0,,,Nov-1997
764,2.0,19.0,19.0,,,0.0,0.0,0.0,134.0,21.0,,,3675.0,40.0,0.0,0.0,0.0,0.0,,,Oct-2003
765,4.0,72.0,1.0,,,0.0,0.0,0.0,339.0,1.0,,,19627.0,9.1,0.0,0.0,0.0,2.0,,,Jul-1981
766,2.0,168.0,5.0,,,0.0,0.0,1.0,189.0,5.0,,,2311.0,0.0,0.0,0.0,0.0,2.0,,,Jan-1999
767,7.0,112.0,2.0,,,0.0,0.0,1.0,112.0,17.0,,,7406.0,22.2,0.0,0.0,0.0,2.0,,,Aug-2005
768,4.0,129.0,1.0,,,0.0,0.0,0.0,180.0,1.0,,,2122.0,33.3,0.0,0.0,0.0,3.0,,,Dec-1999
769,1.0,140.0,23.0,,,0.0,0.0,0.0,121.0,60.0,,,6573.0,100.0,0.0,0.0,0.0,0.0,,,Nov-1997
770,0.0,101.0,78.0,,,0.0,0.0,0.0,454.0,78.0,,,14554.0,0.0,0.0,0.0,0.0,0.0,,,Feb-1977
771,1.0,118.0,2.0,,,0.0,0.0,0.0,153.0,2.0,,,38339.0,50.0,0.0,0.0,0.0,1.0,,,Mar-2002
772,7.0,232.0,2.0,,,0.0,0.0,1.0,234.0,8.0,,,9584.0,18.2,0.0,0.0,0.0,5.0,,,Jun-1995
773,6.0,109.0,2.0,,,0.0,0.0,0.0,57.0,2.0,,,1950.0,0.0,0.0,0.0,0.0,3.0,,,Nov-2005
774,1.0,171.0,15.0,,,0.0,0.0,0.0,80.0,40.0,,,8028.0,0.0,0.0,0.0,0.0,0.0,,,Sep-2000
775,5.0,139.0,2.0,,,0.0,0.0,0.0,122.0,2.0,,,23973.0,85.7,0.0,0.0,0.0,2.0,,,May-2003
776,1.0,158.0,12.0,,,0.0,0.0,0.0,313.0,82.0,,,2452.0,88.9,0.0,0.0,0.0,1.0,,,Nov-1988
777,4.0,144.0,4.0,,,0.0,0.0,1.0,172.0,4.0,,,3905.0,0.0,0.0,0.0,0.0,2.0,,,Aug-2000
778,5.0,24.0,5.0,,,0.0,0.0,0.0,129.0,5.0,,,2547.0,50.0,0.0,0.0,0.0,3.0,,,Jul-1995
779,4.0,42.0,12.0,,,0.0,0.0,0.0,76.0,12.0,,,8129.0,0.0,0.0,0.0,0.0,1.0,,,Aug-2008
780,7.0,134.0,6.0,,,0.0,0.0,0.0,151.0,7.0,,,37004.0,100.0,0.0,0.0,0.0,3.0,,,May-2002
781,3.0,120.0,11.0,,,0.0,0.0,0.0,148.0,11.0,,,1918.0,66.7,0.0,0.0,0.0,1.0,,,Aug-2002
782,9.0,197.0,1.0,,,0.0,0.0,0.0,110.0,1.0,,,10425.0,100.0,0.0,0.0,0.0,3.0,,,Jul-1998
783,6.0,178.0,2.0,,,0.0,0.0,0.0,146.0,10.0,,,36951.0,80.0,0.0,0.0,0.0,4.0,,,Feb-1999
784,5.0,149.0,3.0,,,0.0,0.0,3.0,172.0,12.0,,,4400.0,40.0,0.0,0.0,2.0,3.0,,,Aug-2000
785,7.0,158.0,2.0,,,0.0,0.0,0.0,109.0,2.0,,,665.0,16.7,0.0,0.0,0.0,3.0,,,Oct-1986
786,8.0,140.0,8.0,,,0.0,0.0,0.0,127.0,14.0,,,47733.0,40.0,0.0,0.0,0.0,2.0,,,Apr-2003
787,8.0,159.0,2.0,,,0.0,0.0,1.0,203.0,11.0,,,27678.0,0.0,0.0,0.0,0.0,4.0,,,Jan-1998
788,0.0,158.0,34.0,,,0.0,0.0,0.0,427.0,50.0,,,22623.0,50.0,0.0,0.0,0.0,0.0,,,May-1979
789,2.0,114.0,2.0,,,0.0,0.0,0.0,146.0,2.0,,,5263.0,66.7,0.0,0.0,0.0,2.0,,,Oct-2002
790,2.0,88.0,5.0,,,0.0,1.0,0.0,188.0,5.0,,,17100.0,33.3,0.0,0.0,0.0,1.0,,,Apr-1999
791,4.0,158.0,2.0,,,0.0,0.0,0.0,238.0,2.0,,,20277.0,100.0,0.0,0.0,0.0,2.0,,,Feb-1995
792,4.0,27.0,3.0,,,0.0,0.0,0.0,342.0,12.0,,,16175.0,50.0,0.0,0.0,0.0,2.0,,,Jun-1986
793,4.0,165.0,9.0,,,0.0,0.0,0.0,223.0,9.0,,,2974.0,50.0,0.0,0.0,0.0,1.0,,,May-1996
794,3.0,118.0,6.0,,,0.0,0.0,0.0,166.0,37.0,,,7079.0,25.0,0.0,0.0,0.0,2.0,,,Feb-2001
795,5.0,231.0,2.0,,,0.0,0.0,0.0,200.0,2.0,,,14954.0,50.0,0.0,0.0,0.0,2.0,,,Sep-1995
796,1.0,173.0,12.0,,,0.0,0.0,2.0,85.0,31.0,,,48983.0,100.0,0.0,0.0,0.0,1.0,,,Jul-2000
797,4.0,84.0,7.0,,,0.0,0.0,11.0,166.0,24.0,,,1327.0,100.0,0.0,0.0,3.0,1.0,,,Feb-2001
798,3.0,153.0,8.0,,,0.0,0.0,0.0,104.0,8.0,,,2550.0,50.0,0.0,0.0,0.0,1.0,,,Mar-2002
799,9.0,168.0,7.0,,,0.0,0.0,0.0,147.0,12.0,,,14345.0,80.0,0.0,0.0,0.0,2.0,,,Dec-2000
800,5.0,158.0,13.0,,,0.0,0.0,0.0,242.0,15.0,,,34309.0,0.0,0.0,0.0,0.0,0.0,,,Oct-1994
801,11.0,129.0,2.0,,,0.0,0.0,0.0,194.0,2.0,,,31118.0,42.9,0.0,0.0,0.0,6.0,,,Oct-1998
802,1.0,196.0,19.0,,,0.0,0.0,0.0,448.0,37.0,,,16449.0,55.6,0.0,0.0,0.0,0.0,,,Aug-1977
803,5.0,132.0,5.0,,,0.0,0.0,0.0,200.0,5.0,,,1539.0,100.0,0.0,0.0,0.0,4.0,,,Apr-1998
804,1.0,123.0,14.0,,,0.0,0.0,0.0,89.0,14.0,,,6001.0,100.0,0.0,0.0,0.0,0.0,,,Sep-2004
805,2.0,27.0,9.0,,,0.0,0.0,0.0,49.0,9.0,,,5429.0,66.7,0.0,0.0,0.0,1.0,,,Nov-2010
806,12.0,16.0,6.0,,,0.0,0.0,0.0,206.0,6.0,,,1045.0,0.0,0.0,0.0,0.0,7.0,,,Oct-1997
807,10.0,76.0,1.0,,,0.0,0.0,0.0,107.0,1.0,,,13059.0,60.0,0.0,0.0,0.0,3.0,,,Jan-2006
808,7.0,152.0,5.0,,,0.0,0.0,0.0,155.0,5.0,,,5643.0,100.0,0.0,0.0,0.0,4.0,,,Jan-2002
809,8.0,109.0,2.0,,,0.0,0.0,0.0,189.0,2.0,,,13286.0,20.0,0.0,0.0,0.0,2.0,,,Mar-1999
810,2.0,96.0,8.0,,,0.0,0.0,0.0,169.0,33.0,,,20467.0,66.7,0.0,0.0,0.0,1.0,,,Nov-2000
811,10.0,120.0,5.0,,,0.0,0.0,0.0,291.0,5.0,,,12123.0,0.0,0.0,0.0,0.0,4.0,,,Sep-1990
812,4.0,123.0,11.0,,,0.0,0.0,0.0,157.0,14.0,,,103652.0,100.0,0.0,0.0,0.0,1.0,,,Nov-2001
813,5.0,168.0,6.0,,,1.0,0.0,1.0,199.0,6.0,,,6682.0,33.3,0.0,0.0,1.0,4.0,,,May-1998
814,12.0,151.0,3.0,,,0.0,0.0,0.0,156.0,7.0,,,55659.0,0.0,0.0,0.0,0.0,4.0,,,Dec-2001
815,6.0,124.0,8.0,,,0.0,0.0,0.0,121.0,8.0,,,36922.0,,0.0,0.0,0.0,2.0,,,Aug-2004
816,2.0,160.0,2.0,,,0.0,0.0,2.0,324.0,2.0,,,6214.0,100.0,0.0,1.0,2.0,1.0,,,Dec-1987
817,6.0,123.0,4.0,,,0.0,0.0,0.0,184.0,4.0,,,1571.0,71.4,0.0,0.0,0.0,3.0,,,Aug-1999
818,11.0,126.0,5.0,,,0.0,0.0,0.0,130.0,5.0,,,15700.0,60.0,0.0,0.0,0.0,5.0,,,Feb-2004
819,4.0,170.0,1.0,,,0.0,0.0,0.0,163.0,1.0,,,6474.0,28.6,0.0,0.0,0.0,1.0,,,Oct-2000
820,3.0,120.0,10.0,,,0.0,0.0,0.0,216.0,16.0,,,30891.0,50.0,0.0,0.0,0.0,1.0,,,Dec-1996
821,2.0,108.0,15.0,,,0.0,0.0,0.0,164.0,15.0,,,21659.0,11.1,0.0,0.0,0.0,0.0,,,Apr-2001
822,7.0,207.0,6.0,,,0.0,0.0,0.0,206.0,6.0,,,24168.0,62.5,0.0,0.0,0.0,2.0,,,Sep-1997
823,3.0,123.0,3.0,,,0.0,0.0,0.0,118.0,6.0,,,14908.0,100.0,0.0,0.0,0.0,2.0,,,Sep-2004
824,7.0,135.0,11.0,,,0.0,0.0,0.0,187.0,11.0,,,6452.0,50.0,0.0,0.0,0.0,2.0,,,May-1999
825,3.0,165.0,5.0,,,0.0,0.0,0.0,399.0,7.0,,,3624.0,5.3,0.0,0.0,0.0,3.0,,,Apr-1981
826,1.0,122.0,12.0,,,0.0,0.0,0.0,175.0,12.0,,,1641.0,33.3,0.0,0.0,0.0,1.0,,,May-2000
827,2.0,148.0,7.0,,,0.0,0.0,0.0,304.0,7.0,,,26523.0,25.0,0.0,0.0,0.0,2.0,,,Aug-1989
828,8.0,118.0,3.0,,,0.0,0.0,0.0,110.0,10.0,,,4378.0,20.0,0.0,0.0,0.0,3.0,,,Feb-2005
829,1.0,138.0,7.0,,,0.0,0.0,0.0,158.0,71.0,,,549.0,0.0,0.0,0.0,0.0,1.0,,,Oct-2001
830,3.0,157.0,12.0,,,0.0,0.0,0.0,170.0,12.0,,,5779.0,33.3,0.0,0.0,0.0,3.0,,,Oct-2000
831,4.0,155.0,3.0,,,0.0,0.0,0.0,141.0,27.0,,,17598.0,100.0,0.0,0.0,0.0,3.0,,,Jan-2002
832,4.0,159.0,3.0,,,0.0,0.0,0.0,168.0,3.0,,,11383.0,100.0,0.0,0.0,0.0,1.0,,,Dec-2000
833,2.0,125.0,24.0,,,0.0,0.0,0.0,163.0,29.0,,,16525.0,60.0,0.0,0.0,0.0,0.0,,,May-2001
834,9.0,119.0,10.0,,,0.0,0.0,0.0,188.0,10.0,,,3293.0,100.0,0.0,0.0,0.0,1.0,,,Apr-1999
835,5.0,161.0,5.0,,,0.0,0.0,0.0,150.0,5.0,,,29574.0,75.0,0.0,0.0,0.0,3.0,,,Apr-1998
836,0.0,156.0,34.0,,,0.0,0.0,1.0,274.0,34.0,,,9137.0,66.7,0.0,0.0,0.0,0.0,,,Feb-1992
837,1.0,81.0,6.0,,,0.0,0.0,0.0,144.0,6.0,,,2576.0,80.0,0.0,0.0,0.0,1.0,,,Dec-2002
838,10.0,163.0,5.0,,,0.0,0.0,0.0,359.0,5.0,,,5153.0,0.0,0.0,0.0,0.0,7.0,,,Jan-1985
839,3.0,75.0,6.0,,,0.0,0.0,0.0,65.0,6.0,,,3562.0,0.0,0.0,0.0,0.0,1.0,,,Sep-2008
840,6.0,223.0,1.0,,,0.0,0.0,0.0,261.0,1.0,,,3414.0,10.0,0.0,0.0,0.0,4.0,,,Mar-1993
841,5.0,127.0,5.0,,,0.0,0.0,0.0,163.0,5.0,,,4493.0,20.0,0.0,0.0,0.0,3.0,,,May-2001
842,3.0,130.0,1.0,,,0.0,0.0,0.0,407.0,46.0,,,17662.0,0.0,0.0,0.0,0.0,2.0,,,Jan-1981
843,1.0,126.0,21.0,,,0.0,0.0,0.0,139.0,21.0,,,23216.0,100.0,0.0,0.0,0.0,0.0,,,May-2003
844,7.0,80.0,2.0,,,0.0,0.0,0.0,80.0,14.0,,,4709.0,12.5,0.0,0.0,0.0,4.0,,,Apr-2008
845,6.0,185.0,1.0,,,0.0,0.0,0.0,77.0,13.0,,,23351.0,60.0,0.0,0.0,0.0,2.0,,,Jul-1999
846,3.0,137.0,1.0,,,0.0,0.0,0.0,341.0,1.0,,,63364.0,37.5,0.0,0.0,0.0,1.0,,,Jan-1986
847,2.0,208.0,3.0,,,0.0,0.0,0.0,169.0,14.0,,,9347.0,100.0,0.0,0.0,0.0,1.0,,,Aug-1997
848,6.0,84.0,5.0,,,0.0,0.0,0.0,114.0,5.0,,,32835.0,0.0,0.0,0.0,0.0,3.0,,,Jun-2005
849,14.0,35.0,2.0,,,0.0,0.0,1.0,64.0,6.0,,,4397.0,0.0,0.0,0.0,0.0,4.0,,,Aug-2009
850,5.0,107.0,3.0,,,0.0,0.0,0.0,87.0,3.0,,,6500.0,14.3,0.0,0.0,0.0,3.0,,,Jan-2006
851,6.0,104.0,4.0,,,0.0,0.0,0.0,375.0,4.0,,,8742.0,40.0,0.0,0.0,0.0,3.0,,,Sep-1983
852,5.0,149.0,1.0,,,0.0,0.0,0.0,251.0,1.0,,,16751.0,80.0,0.0,0.0,0.0,1.0,,,Jan-1994
853,9.0,139.0,8.0,,,0.0,0.0,0.0,169.0,8.0,,,17930.0,66.7,0.0,0.0,0.0,5.0,,,Nov-2000
854,2.0,147.0,17.0,,,0.0,0.0,0.0,189.0,17.0,,,5127.0,0.0,0.0,0.0,0.0,0.0,,,Mar-1999
855,8.0,31.0,11.0,,,0.0,0.0,0.0,83.0,15.0,,,2756.0,100.0,0.0,0.0,0.0,1.0,,,Jan-2008
856,3.0,131.0,7.0,,,0.0,0.0,1.0,201.0,26.0,,,12269.0,16.7,0.0,0.0,0.0,1.0,,,Mar-1998
857,2.0,,17.0,,,0.0,0.0,0.0,160.0,17.0,,,3263.0,71.4,0.0,0.0,0.0,0.0,,,Aug-2001
858,4.0,49.0,11.0,,,0.0,0.0,0.0,41.0,12.0,,,2184.0,50.0,0.0,0.0,0.0,3.0,,,Nov-2010
859,13.0,159.0,3.0,,,0.0,0.0,0.0,148.0,10.0,,,5784.0,33.3,0.0,0.0,0.0,4.0,,,Sep-2001
860,8.0,129.0,8.0,,,0.0,0.0,0.0,143.0,8.0,,,5236.0,30.0,0.0,0.0,0.0,5.0,,,Jan-2003
861,3.0,136.0,5.0,,,0.0,0.0,1.0,178.0,6.0,,,18072.0,100.0,0.0,0.0,0.0,3.0,,,Feb-2000
862,2.0,140.0,14.0,,,0.0,0.0,1.0,150.0,14.0,,,3271.0,66.7,0.0,0.0,1.0,0.0,,,Jun-2002
863,6.0,126.0,11.0,,,0.0,0.0,0.0,30.0,11.0,,,19351.0,0.0,0.0,0.0,0.0,1.0,,,Jun-2004
864,6.0,126.0,4.0,,,0.0,0.0,0.0,122.0,4.0,,,3000.0,50.0,0.0,0.0,0.0,3.0,,,Mar-2004
865,9.0,81.0,2.0,,,0.0,0.0,1.0,161.0,4.0,,,14874.0,20.0,0.0,0.0,0.0,4.0,,,Jul-2001
866,9.0,59.0,8.0,,,0.0,0.0,1.0,89.0,8.0,,,1415.0,11.1,0.0,0.0,0.0,2.0,,,Jul-2007
867,5.0,125.0,8.0,,,0.0,0.0,0.0,207.0,15.0,,,5213.0,100.0,0.0,0.0,0.0,1.0,,,Sep-1997
868,4.0,,8.0,,,0.0,0.0,0.0,88.0,8.0,,,1974.0,50.0,0.0,0.0,0.0,1.0,,,Mar-1971
869,4.0,128.0,4.0,,,0.0,0.0,0.0,248.0,4.0,,,1005.0,0.0,0.0,0.0,0.0,2.0,,,Apr-1994
870,4.0,147.0,7.0,,,0.0,0.0,0.0,128.0,15.0,,,4264.0,25.0,0.0,0.0,0.0,1.0,,,Sep-2002
871,5.0,31.0,7.0,,,0.0,0.0,0.0,124.0,37.0,,,8399.0,75.0,0.0,0.0,0.0,2.0,,,Aug-2004
872,14.0,194.0,3.0,,,0.0,0.0,0.0,197.0,3.0,,,27861.0,28.6,0.0,0.0,0.0,7.0,,,Jul-1998
873,3.0,104.0,3.0,,,0.0,0.0,0.0,309.0,3.0,,,19422.0,60.0,0.0,0.0,0.0,1.0,,,Mar-1989
874,8.0,183.0,2.0,,,0.0,0.0,1.0,325.0,2.0,,,43188.0,60.0,0.0,0.0,1.0,7.0,,,Nov-1987
875,1.0,121.0,5.0,,,0.0,0.0,5.0,178.0,5.0,,,10466.0,100.0,0.0,0.0,4.0,1.0,,,Jan-1999
876,2.0,33.0,9.0,,,0.0,0.0,0.0,81.0,23.0,,,5590.0,100.0,0.0,0.0,0.0,1.0,,,Mar-2008
877,5.0,29.0,2.0,,,0.0,0.0,0.0,42.0,2.0,,,1716.0,80.0,0.0,0.0,0.0,2.0,,,Jun-2011
878,9.0,139.0,3.0,,,0.0,0.0,0.0,301.0,7.0,,,19337.0,100.0,0.0,0.0,0.0,3.0,,,Nov-1989
879,0.0,121.0,37.0,,,0.0,0.0,0.0,103.0,60.0,,,3565.0,66.7,0.0,0.0,0.0,0.0,,,Nov-2004
880,8.0,89.0,1.0,,,0.0,0.0,0.0,261.0,6.0,,,2651.0,100.0,0.0,0.0,0.0,4.0,,,Mar-1993
881,2.0,86.0,3.0,,,0.0,0.0,0.0,84.0,3.0,,,4573.0,25.0,0.0,0.0,0.0,2.0,,,Oct-2007
882,4.0,109.0,12.0,,,0.0,0.0,0.0,109.0,12.0,,,7081.0,12.5,0.0,0.0,0.0,1.0,,,Nov-2005
883,2.0,136.0,13.0,,,0.0,0.0,0.0,385.0,13.0,,,1990.0,0.0,0.0,0.0,0.0,0.0,,,Nov-1982
884,1.0,99.0,19.0,,,0.0,0.0,0.0,49.0,46.0,,,4438.0,100.0,0.0,0.0,0.0,0.0,,,Sep-2003
885,3.0,,6.0,,,0.0,0.0,0.0,373.0,6.0,,,14137.0,22.2,0.0,0.0,0.0,2.0,,,Nov-1983
886,4.0,137.0,8.0,,,0.0,0.0,0.0,165.0,24.0,,,49011.0,0.0,0.0,0.0,0.0,2.0,,,Mar-2001
887,3.0,116.0,3.0,,,0.0,0.0,0.0,129.0,27.0,,,7434.0,33.3,0.0,0.0,0.0,3.0,,,Mar-2004
888,0.0,148.0,36.0,,,0.0,0.0,0.0,208.0,46.0,,,33165.0,16.7,0.0,0.0,0.0,0.0,,,Aug-1997
889,0.0,134.0,47.0,,,0.0,0.0,1.0,134.0,47.0,,,2190.0,40.0,0.0,0.0,0.0,0.0,,,Oct-2003
890,3.0,126.0,13.0,,,0.0,0.0,0.0,241.0,16.0,,,6318.0,50.0,0.0,0.0,0.0,0.0,,,Nov-1994
891,1.0,123.0,8.0,,,0.0,0.0,0.0,183.0,8.0,,,3151.0,66.7,0.0,0.0,0.0,1.0,,,Sep-1999
892,1.0,143.0,21.0,,,0.0,0.0,0.0,119.0,21.0,,,2045.0,,0.0,0.0,0.0,0.0,,,Sep-2001
893,4.0,100.0,5.0,,,0.0,0.0,0.0,123.0,5.0,,,11582.0,50.0,0.0,0.0,0.0,2.0,,,Sep-2004
894,1.0,144.0,13.0,,,0.0,0.0,0.0,202.0,27.0,,,32064.0,25.0,0.0,0.0,0.0,0.0,,,Feb-1996
895,2.0,56.0,12.0,,,0.0,0.0,0.0,85.0,52.0,,,82440.0,100.0,0.0,0.0,0.0,1.0,,,Nov-2007
896,6.0,140.0,2.0,,,0.0,0.0,1.0,137.0,9.0,,,17489.0,66.7,0.0,0.0,0.0,4.0,,,Apr-2003
897,6.0,15.0,13.0,,,0.0,0.0,0.0,199.0,13.0,,,5351.0,66.7,0.0,0.0,0.0,0.0,,,May-1998
898,4.0,111.0,13.0,,,0.0,0.0,0.0,210.0,13.0,,,18902.0,33.3,0.0,0.0,0.0,0.0,,,Jun-1997
899,4.0,131.0,3.0,,,0.0,0.0,0.0,234.0,5.0,,,10971.0,100.0,0.0,0.0,0.0,3.0,,,Jun-1995
900,4.0,138.0,5.0,,,0.0,0.0,0.0,277.0,5.0,,,15603.0,50.0,0.0,0.0,0.0,3.0,,,Nov-1991
901,3.0,141.0,15.0,,,0.0,0.0,0.0,496.0,15.0,,,1088.0,42.9,0.0,0.0,0.0,0.0,,,Aug-1973
902,5.0,21.0,2.0,,,0.0,0.0,0.0,253.0,9.0,,,10717.0,75.0,0.0,0.0,0.0,4.0,,,Nov-1993
903,9.0,122.0,4.0,,,0.0,0.0,0.0,123.0,4.0,,,573.0,50.0,0.0,0.0,0.0,5.0,,,Sep-2004
904,6.0,166.0,3.0,,,0.0,0.0,1.0,195.0,11.0,,,25496.0,66.7,0.0,1.0,0.0,2.0,,,Sep-1998
905,12.0,175.0,2.0,,,0.0,0.0,0.0,245.0,2.0,,,12617.0,16.7,0.0,0.0,0.0,5.0,,,Jul-1994
906,4.0,145.0,1.0,,,0.0,0.0,1.0,180.0,1.0,,,25275.0,0.0,0.0,0.0,0.0,2.0,,,Dec-1999
907,3.0,129.0,5.0,,,0.0,0.0,3.0,277.0,22.0,,,12677.0,66.7,0.0,0.0,0.0,1.0,,,Nov-1991
908,3.0,145.0,1.0,,,0.0,0.0,0.0,229.0,1.0,,,3056.0,50.0,0.0,0.0,0.0,1.0,,,Nov-1995
909,3.0,130.0,7.0,,,0.0,0.0,0.0,199.0,7.0,,,26417.0,40.0,0.0,0.0,0.0,1.0,,,May-1998
910,8.0,207.0,4.0,,,0.0,0.0,0.0,154.0,4.0,,,2847.0,50.0,0.0,0.0,0.0,3.0,,,Sep-1997
911,3.0,157.0,3.0,,,0.0,0.0,0.0,149.0,3.0,,,28037.0,0.0,0.0,0.0,0.0,1.0,,,Nov-2001
912,2.0,100.0,23.0,,,0.0,0.0,0.0,425.0,24.0,,,54885.0,100.0,0.0,0.0,0.0,0.0,,,Jul-1979
913,2.0,196.0,7.0,,,0.0,0.0,1.0,261.0,37.0,,,29191.0,75.0,0.0,0.0,0.0,1.0,,,Mar-1993
914,0.0,137.0,26.0,,,0.0,0.0,0.0,252.0,30.0,,,33969.0,25.0,0.0,0.0,0.0,0.0,,,Dec-1993
915,8.0,129.0,4.0,,,0.0,0.0,0.0,203.0,13.0,,,37509.0,60.0,0.0,0.0,0.0,4.0,,,Jan-1998
916,7.0,40.0,3.0,,,0.0,0.0,0.0,92.0,3.0,,,1671.0,66.7,0.0,0.0,0.0,4.0,,,Apr-2007
917,2.0,141.0,19.0,,,0.0,0.0,1.0,157.0,32.0,,,15002.0,75.0,0.0,0.0,0.0,0.0,,,Nov-2001
918,5.0,64.0,6.0,,,0.0,0.0,0.0,129.0,6.0,,,15154.0,66.7,0.0,0.0,0.0,2.0,,,Mar-2004
919,7.0,87.0,2.0,,,0.0,0.0,1.0,67.0,2.0,,,13066.0,0.0,0.0,0.0,0.0,5.0,,,Sep-2007
920,7.0,137.0,4.0,,,0.0,0.0,0.0,314.0,5.0,,,40262.0,57.1,0.0,0.0,0.0,3.0,,,Oct-1988
921,0.0,161.0,154.0,,,0.0,0.0,0.0,566.0,154.0,,,5619.0,100.0,0.0,0.0,0.0,0.0,,,Oct-1967
922,4.0,165.0,8.0,,,0.0,0.0,0.0,321.0,8.0,,,21174.0,40.0,0.0,0.0,0.0,4.0,,,Mar-1988
923,5.0,108.0,2.0,,,0.0,0.0,0.0,161.0,2.0,,,20047.0,100.0,0.0,0.0,0.0,1.0,,,Jul-2001
924,2.0,86.0,3.0,,,0.0,0.0,0.0,79.0,42.0,,,2780.0,100.0,0.0,0.0,0.0,2.0,,,Oct-2007
925,6.0,124.0,8.0,,,0.0,0.0,0.0,204.0,8.0,,,731.0,0.0,0.0,0.0,0.0,2.0,,,Dec-1997
926,7.0,89.0,1.0,,,0.0,0.0,0.0,178.0,1.0,,,1892.0,0.0,0.0,0.0,0.0,5.0,,,Feb-2000
927,11.0,147.0,4.0,,,0.0,0.0,0.0,131.0,4.0,,,10665.0,0.0,0.0,0.0,0.0,6.0,,,Sep-2002
928,4.0,36.0,10.0,,,0.0,0.0,0.0,54.0,10.0,,,4188.0,42.9,0.0,0.0,0.0,1.0,,,Jun-2010
929,7.0,114.0,3.0,,,0.0,0.0,0.0,275.0,24.0,,,24996.0,0.0,0.0,0.0,0.0,1.0,,,Jan-1992
930,1.0,110.0,19.0,,,0.0,1.0,1.0,85.0,19.0,,,12321.0,50.0,0.0,0.0,1.0,0.0,,,Oct-2005
931,5.0,178.0,4.0,,,0.0,0.0,0.0,179.0,11.0,,,16972.0,27.3,0.0,0.0,0.0,2.0,,,Jan-2000
932,3.0,168.0,7.0,,,0.0,0.0,0.0,198.0,7.0,,,19397.0,20.0,0.0,0.0,0.0,2.0,,,Jun-1998
933,2.0,140.0,22.0,,,0.0,0.0,0.0,129.0,23.0,,,9909.0,25.0,0.0,0.0,0.0,0.0,,,Apr-2003
934,4.0,134.0,7.0,,,0.0,0.0,0.0,366.0,13.0,,,3533.0,100.0,0.0,0.0,0.0,1.0,,,Jun-1984
935,3.0,142.0,2.0,,,0.0,0.0,0.0,262.0,5.0,,,19787.0,0.0,0.0,0.0,0.0,3.0,,,Feb-1993
936,3.0,156.0,13.0,,,0.0,0.0,1.0,37.0,24.0,,,4466.0,0.0,0.0,1.0,0.0,0.0,,,Dec-2001
937,8.0,64.0,8.0,,,0.0,0.0,0.0,59.0,8.0,,,1603.0,11.1,0.0,0.0,0.0,5.0,,,Aug-2009
938,6.0,136.0,3.0,,,0.0,0.0,1.0,83.0,18.0,,,51331.0,0.0,0.0,0.0,0.0,1.0,,,Aug-2003
939,5.0,24.0,3.0,,,0.0,0.0,0.0,87.0,15.0,,,6626.0,87.5,0.0,0.0,0.0,2.0,,,Sep-2007
940,0.0,157.0,25.0,,,0.0,0.0,0.0,138.0,64.0,,,25013.0,100.0,0.0,0.0,0.0,0.0,,,Nov-2001
941,4.0,148.0,12.0,,,0.0,0.0,0.0,154.0,12.0,,,1497.0,40.0,0.0,0.0,0.0,1.0,,,Feb-2002
942,4.0,87.0,3.0,,,0.0,0.0,0.0,103.0,3.0,,,4807.0,50.0,0.0,0.0,0.0,2.0,,,May-2006
943,2.0,113.0,8.0,,,0.0,0.0,0.0,236.0,8.0,,,3066.0,40.0,0.0,0.0,0.0,2.0,,,Apr-1995
944,8.0,52.0,6.0,,,0.0,0.0,0.0,316.0,6.0,,,15726.0,50.0,0.0,0.0,0.0,1.0,,,Aug-1988
945,0.0,,80.0,,,0.0,0.0,0.0,176.0,80.0,,,3949.0,0.0,0.0,0.0,0.0,0.0,,,Apr-2000
946,10.0,99.0,4.0,,,0.0,0.0,0.0,84.0,4.0,,,15125.0,0.0,0.0,0.0,0.0,5.0,,,Sep-2006
947,2.0,115.0,5.0,,,0.0,1.0,1.0,320.0,30.0,,,11702.0,71.4,0.0,0.0,0.0,2.0,,,Apr-1988
948,5.0,128.0,7.0,,,0.0,0.0,0.0,277.0,7.0,,,39012.0,45.5,0.0,0.0,0.0,3.0,,,Nov-1991
949,14.0,119.0,1.0,,,0.0,0.0,0.0,172.0,1.0,,,2245.0,57.1,0.0,0.0,0.0,4.0,,,Aug-2000
950,4.0,109.0,9.0,,,0.0,0.0,0.0,143.0,10.0,,,1522.0,33.3,0.0,0.0,0.0,2.0,,,Jan-2003
951,6.0,132.0,4.0,,,0.0,0.0,0.0,34.0,4.0,,,3373.0,33.3,0.0,0.0,0.0,3.0,,,Dec-2003
952,2.0,182.0,12.0,,,0.0,0.0,0.0,90.0,28.0,,,15976.0,20.0,0.0,0.0,0.0,1.0,,,Oct-1999
953,2.0,159.0,4.0,,,0.0,0.0,0.0,239.0,31.0,,,16271.0,25.0,0.0,0.0,0.0,1.0,,,Jan-1995
954,2.0,123.0,11.0,,,0.0,0.0,0.0,258.0,26.0,,,32959.0,100.0,0.0,0.0,0.0,1.0,,,Jun-1993
955,4.0,148.0,15.0,,,0.0,0.0,0.0,126.0,31.0,,,26577.0,100.0,0.0,0.0,0.0,0.0,,,Aug-2002
956,8.0,123.0,1.0,,,0.0,0.0,0.0,119.0,6.0,,,5854.0,37.5,0.0,0.0,0.0,4.0,,,Sep-2004
957,2.0,102.0,2.0,,,0.0,0.0,0.0,82.0,2.0,,,6964.0,100.0,0.0,0.0,0.0,2.0,,,Jun-2006
958,2.0,189.0,2.0,,,0.0,0.0,0.0,249.0,55.0,,,3717.0,100.0,0.0,0.0,0.0,1.0,,,Mar-1994
959,6.0,154.0,9.0,,,0.0,0.0,0.0,123.0,16.0,,,19213.0,0.0,0.0,0.0,0.0,3.0,,,Feb-2002
960,4.0,66.0,14.0,,,0.0,0.0,0.0,325.0,14.0,,,3518.0,100.0,0.0,0.0,0.0,0.0,,,Nov-1987
961,3.0,81.0,3.0,,,0.0,0.0,0.0,68.0,25.0,,,6468.0,100.0,0.0,0.0,0.0,2.0,,,Mar-2008
962,24.0,134.0,1.0,,,0.0,0.0,0.0,162.0,5.0,,,8792.0,100.0,0.0,0.0,0.0,9.0,,,Jun-2001
963,2.0,132.0,6.0,,,0.0,0.0,1.0,409.0,30.0,,,13520.0,55.6,0.0,0.0,1.0,1.0,,,Nov-1980
964,2.0,150.0,9.0,,,0.0,0.0,0.0,320.0,25.0,,,28998.0,30.0,0.0,0.0,0.0,1.0,,,Apr-1988
965,1.0,18.0,18.0,,,0.0,0.0,0.0,141.0,45.0,,,4157.0,0.0,0.0,0.0,0.0,0.0,,,Mar-2003
966,5.0,165.0,3.0,,,0.0,0.0,0.0,237.0,3.0,,,4953.0,100.0,0.0,0.0,0.0,3.0,,,Mar-1995
967,5.0,121.0,2.0,,,0.0,0.0,0.0,165.0,2.0,,,11361.0,50.0,0.0,0.0,0.0,3.0,,,Mar-2001
968,4.0,143.0,5.0,,,0.0,0.0,0.0,215.0,13.0,,,95.0,0.0,0.0,0.0,0.0,1.0,,,Jan-1997
969,1.0,88.0,5.0,,,0.0,0.0,0.0,190.0,5.0,,,2400.0,25.0,0.0,0.0,0.0,1.0,,,Feb-1999
970,10.0,326.0,3.0,,,0.0,0.0,0.0,284.0,6.0,,,4187.0,42.9,0.0,0.0,0.0,5.0,,,Oct-1987
971,4.0,188.0,1.0,,,0.0,0.0,1.0,142.0,1.0,,,10307.0,71.4,0.0,0.0,0.0,2.0,,,Apr-1999
972,3.0,184.0,11.0,,,0.0,0.0,0.0,184.0,11.0,,,3596.0,11.1,0.0,0.0,0.0,2.0,,,Aug-1999
973,1.0,156.0,12.0,,,0.0,0.0,2.0,179.0,12.0,,,58907.0,75.0,0.0,0.0,1.0,1.0,,,Jan-2000
974,12.0,168.0,7.0,,,0.0,0.0,0.0,248.0,7.0,,,13883.0,40.0,0.0,0.0,0.0,10.0,,,Apr-1994
975,2.0,140.0,18.0,,,0.0,0.0,0.0,310.0,18.0,,,12847.0,0.0,0.0,0.0,0.0,0.0,,,Feb-1989
976,3.0,169.0,12.0,,,0.0,0.0,0.0,443.0,12.0,,,7513.0,0.0,0.0,0.0,0.0,1.0,,,Jan-1978
977,4.0,125.0,12.0,,,0.0,0.0,0.0,307.0,12.0,,,17886.0,18.2,0.0,0.0,0.0,1.0,,,Mar-1989
978,1.0,135.0,7.0,,,0.0,0.0,0.0,284.0,7.0,,,1268.0,66.7,0.0,0.0,0.0,1.0,,,Apr-1991
979,4.0,116.0,4.0,,,0.0,0.0,0.0,168.0,14.0,,,5855.0,33.3,0.0,0.0,0.0,1.0,,,Dec-2000
980,6.0,118.0,3.0,,,0.0,0.0,0.0,194.0,13.0,,,3028.0,57.1,0.0,0.0,0.0,3.0,,,Oct-1998
981,6.0,146.0,4.0,,,0.0,0.0,0.0,186.0,12.0,,,3130.0,50.0,0.0,0.0,0.0,4.0,,,Jun-1999
982,7.0,141.0,4.0,,,0.0,0.0,0.0,234.0,4.0,,,29378.0,0.0,0.0,0.0,0.0,6.0,,,Jun-1995
983,1.0,137.0,10.0,,,0.0,0.0,0.0,566.0,44.0,,,29866.0,100.0,0.0,0.0,0.0,1.0,,,Oct-1967
984,6.0,149.0,2.0,,,0.0,0.0,0.0,142.0,2.0,,,2695.0,0.0,0.0,0.0,0.0,4.0,,,Jul-2002
985,4.0,129.0,6.0,,,0.0,0.0,0.0,222.0,6.0,,,4013.0,100.0,0.0,0.0,0.0,1.0,,,Jun-1996
986,4.0,84.0,4.0,,,0.0,0.0,0.0,129.0,4.0,,,5110.0,100.0,0.0,0.0,0.0,2.0,,,Mar-2004
987,5.0,145.0,5.0,,,0.0,0.0,0.0,163.0,12.0,,,64398.0,100.0,0.0,0.0,0.0,2.0,,,May-2001
988,8.0,24.0,9.0,,,0.0,0.0,1.0,44.0,9.0,,,1572.0,11.1,0.0,0.0,0.0,3.0,,,Apr-2011
989,1.0,114.0,13.0,,,0.0,0.0,1.0,188.0,13.0,,,7909.0,20.0,0.0,0.0,0.0,0.0,,,Apr-1999
990,0.0,131.0,37.0,,,0.0,0.0,0.0,211.0,40.0,,,50425.0,0.0,0.0,0.0,0.0,0.0,,,May-1997
991,6.0,146.0,6.0,,,0.0,0.0,0.0,219.0,6.0,,,3225.0,66.7,0.0,0.0,0.0,3.0,,,Sep-1996
992,3.0,230.0,16.0,,,0.0,0.0,0.0,116.0,16.0,,,2436.0,80.0,0.0,0.0,0.0,0.0,,,Oct-1995
993,6.0,149.0,5.0,,,0.0,0.0,0.0,165.0,5.0,,,1503.0,0.0,0.0,0.0,0.0,2.0,,,Mar-2001
994,2.0,30.0,2.0,,,0.0,0.0,0.0,213.0,2.0,,,2359.0,0.0,0.0,0.0,0.0,2.0,,,Mar-1997
995,16.0,103.0,3.0,,,0.0,0.0,0.0,224.0,3.0,,,8120.0,64.3,0.0,0.0,0.0,2.0,,,Aug-1984
996,1.0,135.0,1.0,,,0.0,0.0,0.0,164.0,1.0,,,3032.0,36.4,0.0,0.0,0.0,1.0,,,Apr-2001
997,5.0,17.0,4.0,,,0.0,0.0,0.0,349.0,4.0,,,41643.0,66.7,0.0,0.0,0.0,4.0,,,Nov-1985
998,2.0,203.0,13.0,,,0.0,0.0,0.0,139.0,13.0,,,29319.0,0.0,0.0,0.0,0.0,0.0,,,Jan-1998
999,3.0,108.0,4.0,,,0.0,0.0,0.0,259.0,4.0,,,22128.0,100.0,0.0,0.0,0.0,3.0,,,May-1993
